weights,k,top1_mean,top1_std,top3_mean,top3_std,top5_mean,top5_std,top8_mean,top8_std,top14_mean,top14_std
distance,5,0.4511,0.0197,0.808,0.0176,0.9213,0.0102,0.9761,0.0094,0.9926,0.0031
distance,10,0.4511,0.0197,0.808,0.0176,0.9213,0.0102,0.9761,0.0094,0.9926,0.0031
distance,15,0.4489,0.028,0.8085,0.0139,0.9234,0.009,0.9782,0.01,0.9936,0.004
distance,20,0.4511,0.0197,0.808,0.0176,0.9213,0.0102,0.9761,0.0094,0.9926,0.0031
distance,30,0.4489,0.028,0.8085,0.0139,0.9234,0.009,0.9782,0.01,0.9936,0.004
distance,40,0.4511,0.0197,0.8085,0.0177,0.9218,0.011,0.9766,0.0091,0.9926,0.0031
distance,60,0.4505,0.0274,0.8096,0.0149,0.9261,0.0086,0.9798,0.0085,0.9952,0.0031
uniform,5,0.433,0.0212,0.808,0.0157,0.9176,0.0134,0.9745,0.0073,0.991,0.0052
uniform,10,0.433,0.0212,0.808,0.0157,0.9176,0.0134,0.9745,0.0073,0.991,0.0052
uniform,15,0.4367,0.0287,0.7995,0.0117,0.9191,0.0118,0.9793,0.0085,0.9936,0.0043
uniform,20,0.433,0.0212,0.808,0.0157,0.9176,0.0134,0.9745,0.0073,0.991,0.0052
uniform,30,0.4367,0.0287,0.7995,0.0117,0.9191,0.0118,0.9793,0.0085,0.9936,0.0043
uniform,40,0.433,0.0212,0.809,0.0164,0.9191,0.0147,0.975,0.0069,0.9915,0.0054
uniform,60,0.4388,0.029,0.8,0.0085,0.9218,0.0122,0.9793,0.008,0.9947,0.0038
