C,H,A,S,I,D,E,carrera,area_principal
11,5,8,6,3,3,3,Administración de Empresas,C
14,9,2,0,3,3,2,Administración de Empresas,C
12,10,3,2,2,2,2,Administración de Empresas,C
14,9,13,7,6,4,3,Administración de Empresas,C
13,8,7,6,4,2,10,Administración de Empresas,C
13,8,3,4,7,1,8,Administración de Empresas,C
13,8,3,5,0,1,2,Administración de Empresas,C
14,8,4,4,4,6,3,Administración de Empresas,C
11,8,5,2,2,2,5,Administración de Empresas,C
13,5,0,4,6,4,1,Administración de Empresas,C
14,11,7,3,2,8,1,Administración de Empresas,C
13,12,8,4,6,6,7,Administración de Empresas,C
13,10,7,7,6,9,2,Administración de Empresas,C
14,10,5,4,3,4,2,Administración de Empresas,C
12,9,4,4,3,8,5,Administración de Empresas,C
12,9,2,2,4,5,3,Administración de Empresas,C
13,8,6,6,5,4,8,Administración de Empresas,C
14,5,1,0,5,9,3,Administración de Empresas,C
13,9,4,4,6,8,3,Administración de Empresas,C
14,9,4,6,2,1,6,Administración de Empresas,C
11,9,4,0,2,1,1,Administración de Empresas,C
12,8,4,4,4,0,2,Administración de Empresas,C
13,8,3,2,2,2,1,Administración de Empresas,C
13,9,2,4,3,4,4,Administración de Empresas,C
11,7,9,1,8,6,4,Administración de Empresas,C
8,8,2,3,2,4,1,Administración de Empresas,C
13,12,2,6,1,1,1,Administración de Empresas,C
7,11,2,0,1,1,3,Administración de Empresas,C
14,5,1,2,5,6,3,Administración de Empresas,C
13,11,6,6,3,2,5,Administración de Empresas,C
11,10,1,2,2,6,1,Administración de Empresas,C
10,9,4,2,5,0,3,Administración de Empresas,C
13,8,1,3,4,4,2,Administración de Empresas,C
13,10,6,5,2,10,3,Administración de Empresas,C
6,8,2,5,9,10,4,Administración de Empresas,C
13,14,5,6,6,2,4,Administración de Empresas,C
13,7,6,7,3,6,5,Administración de Empresas,C
9,6,5,5,6,3,3,Administración de Empresas,C
10,11,4,1,2,6,4,Administración de Empresas,C
14,9,4,4,6,5,5,Administración de Empresas,C
9,8,4,0,1,2,2,Administración de Empresas,C
14,9,8,6,7,8,3,Administración de Empresas,C
11,9,2,5,3,6,3,Administración de Empresas,C
11,9,5,3,7,2,3,Administración de Empresas,C
11,11,1,1,4,5,2,Administración de Empresas,C
11,8,6,4,6,3,4,Administración de Empresas,C
13,9,5,1,7,1,6,Administración de Empresas,C
10,4,5,7,5,7,5,Administración de Empresas,C
8,10,1,2,3,2,3,Administración de Empresas,C
12,10,1,6,4,6,2,Administración de Empresas,C
14,3,6,6,6,0,4,Contabilidad,C
9,4,6,8,3,0,6,Contabilidad,C
13,5,3,2,3,5,8,Contabilidad,C
12,8,5,6,6,6,9,Contabilidad,C
10,4,3,1,3,6,12,Contabilidad,C
13,4,4,0,7,7,6,Contabilidad,C
9,0,4,2,10,5,4,Contabilidad,C
14,5,0,2,5,3,8,Contabilidad,C
10,5,4,7,7,7,6,Contabilidad,C
14,5,4,8,10,0,7,Contabilidad,C
13,5,6,6,7,2,10,Contabilidad,C
14,7,2,3,6,9,7,Contabilidad,C
13,4,2,3,10,5,10,Contabilidad,C
14,4,8,6,9,6,8,Contabilidad,C
11,1,0,2,7,2,9,Contabilidad,C
11,4,4,3,6,2,7,Contabilidad,C
9,2,1,2,6,1,2,Contabilidad,C
9,0,2,0,3,5,1,Contabilidad,C
9,5,5,7,8,5,10,Contabilidad,C
10,4,0,2,3,2,6,Contabilidad,C
13,1,4,5,10,4,3,Contabilidad,C
13,2,4,6,9,3,9,Contabilidad,C
12,4,4,7,6,4,4,Contabilidad,C
13,4,4,3,7,0,5,Contabilidad,C
6,4,2,5,3,1,7,Contabilidad,C
12,3,3,5,7,3,8,Contabilidad,C
12,0,0,1,7,2,7,Contabilidad,C
8,2,0,0,3,4,6,Contabilidad,C
13,2,5,4,8,2,3,Contabilidad,C
12,1,5,7,5,1,1,Contabilidad,C
12,4,4,4,4,3,4,Contabilidad,C
13,1,2,4,8,2,8,Contabilidad,C
10,0,8,5,8,3,5,Contabilidad,C
11,4,4,1,11,5,5,Contabilidad,C
10,5,2,4,5,3,4,Contabilidad,C
10,3,2,5,8,1,9,Contabilidad,C
14,5,7,2,8,8,8,Contabilidad,C
12,2,5,7,9,5,10,Contabilidad,C
11,3,3,3,4,4,5,Contabilidad,C
11,5,4,4,10,8,7,Contabilidad,C
9,4,3,2,8,2,1,Contabilidad,C
14,5,1,2,5,5,9,Contabilidad,C
14,2,3,3,1,0,7,Contabilidad,C
14,5,5,6,6,10,7,Contabilidad,C
12,0,2,1,2,1,3,Contabilidad,C
10,3,0,0,5,4,6,Contabilidad,C
13,1,7,3,6,3,10,Contabilidad,C
14,1,3,4,3,2,9,Contabilidad,C
14,5,2,3,5,5,9,Contabilidad,C
9,6,5,3,5,2,9,Contabilidad,C
13,7,7,6,2,5,5,Marketing,C
12,9,6,0,3,4,7,Marketing,C
14,9,8,1,1,2,1,Marketing,C
13,12,8,4,2,5,2,Marketing,C
11,6,8,3,0,3,2,Marketing,C
7,11,6,0,4,2,3,Marketing,C
11,7,12,8,4,4,8,Marketing,C
13,9,8,1,0,8,0,Marketing,C
9,13,5,5,8,1,2,Marketing,C
9,6,4,1,1,0,0,Marketing,C
12,8,9,5,1,2,1,Marketing,C
12,13,5,6,1,6,2,Marketing,C
9,9,7,2,0,3,10,Marketing,C
14,11,12,2,6,5,1,Marketing,C
13,5,8,4,6,2,3,Marketing,C
13,8,6,3,2,3,1,Marketing,C
13,9,12,1,1,4,2,Marketing,C
8,9,6,1,0,0,1,Marketing,C
9,12,5,6,5,3,5,Marketing,C
10,9,4,2,0,6,5,Marketing,C
14,10,9,4,2,6,4,Marketing,C
10,9,13,6,4,6,1,Marketing,C
14,11,10,2,6,3,6,Marketing,C
14,5,9,2,5,1,0,Marketing,C
11,10,6,5,2,4,2,Marketing,C
14,12,9,5,4,5,0,Marketing,C
8,7,4,0,3,1,1,Marketing,C
11,6,7,7,3,2,3,Marketing,C
14,7,9,5,4,2,4,Marketing,C
10,10,11,0,2,4,2,Marketing,C
4,4,8,1,8,2,1,Marketing,C
13,7,10,3,7,5,5,Marketing,C
12,7,10,4,5,1,2,Marketing,C
14,5,7,2,3,1,3,Marketing,C
13,10,3,3,2,1,3,Marketing,C
10,14,9,11,8,3,6,Marketing,C
14,11,11,6,2,1,3,Marketing,C
13,9,11,4,8,6,4,Marketing,C
14,12,9,3,5,3,4,Marketing,C
13,9,8,11,3,2,3,Marketing,C
8,7,7,4,3,0,3,Marketing,C
6,8,11,4,2,2,4,Marketing,C
13,12,9,6,2,2,5,Marketing,C
10,8,12,1,0,3,2,Marketing,C
12,7,2,4,7,8,1,Marketing,C
11,6,11,3,4,1,2,Marketing,C
13,9,6,3,4,1,2,Marketing,C
4,9,3,2,6,4,0,Marketing,C
14,11,12,8,3,4,2,Marketing,C
14,4,14,5,11,8,2,Marketing,C
11,8,2,3,7,5,3,Negocios Internacionales,C
14,5,6,8,1,3,4,Negocios Internacionales,C
5,8,2,0,4,3,2,Negocios Internacionales,C
11,7,6,4,6,6,4,Negocios Internacionales,C
14,7,0,4,2,5,0,Negocios Internacionales,C
13,7,4,4,0,7,2,Negocios Internacionales,C
13,11,5,4,5,8,8,Negocios Internacionales,C
11,7,2,0,4,2,0,Negocios Internacionales,C
12,8,4,8,5,8,4,Negocios Internacionales,C
14,10,3,6,2,7,3,Negocios Internacionales,C
10,7,1,0,2,5,0,Negocios Internacionales,C
9,9,2,4,3,8,0,Negocios Internacionales,C
12,8,4,2,7,4,4,Negocios Internacionales,C
14,13,5,5,3,11,2,Negocios Internacionales,C
10,10,7,2,3,9,2,Negocios Internacionales,C
11,6,5,2,1,5,3,Negocios Internacionales,C
12,7,0,1,0,2,1,Negocios Internacionales,C
9,8,3,2,6,4,5,Negocios Internacionales,C
13,5,3,3,2,9,4,Negocios Internacionales,C
11,11,0,3,1,5,4,Negocios Internacionales,C
9,10,3,2,3,8,3,Negocios Internacionales,C
13,8,4,4,2,7,5,Negocios Internacionales,C
12,10,5,3,2,5,5,Negocios Internacionales,C
13,9,4,2,4,4,5,Negocios Internacionales,C
12,8,6,5,4,8,4,Negocios Internacionales,C
11,12,3,4,3,10,4,Negocios Internacionales,C
14,8,6,1,3,3,6,Negocios Internacionales,C
14,5,4,4,5,7,5,Negocios Internacionales,C
9,5,1,1,0,8,2,Negocios Internacionales,C
14,11,5,3,3,9,4,Negocios Internacionales,C
13,8,4,5,3,5,4,Negocios Internacionales,C
13,12,3,3,5,8,5,Negocios Internacionales,C
12,10,3,4,4,5,4,Negocios Internacionales,C
11,8,2,2,6,6,6,Negocios Internacionales,C
13,9,1,4,3,5,8,Negocios Internacionales,C
13,11,2,8,3,9,3,Negocios Internacionales,C
4,8,1,1,4,8,1,Negocios Internacionales,C
13,9,2,3,4,9,4,Negocios Internacionales,C
9,6,3,4,0,3,0,Negocios Internacionales,C
14,11,0,2,2,9,4,Negocios Internacionales,C
14,12,3,4,6,11,4,Negocios Internacionales,C
13,9,5,2,6,5,7,Negocios Internacionales,C
9,8,0,2,0,6,1,Negocios Internacionales,C
9,7,6,0,0,3,0,Negocios Internacionales,C
13,9,5,4,2,3,0,Negocios Internacionales,C
11,7,2,5,3,4,3,Negocios Internacionales,C
14,10,10,4,3,9,7,Negocios Internacionales,C
13,12,3,1,7,4,0,Negocios Internacionales,C
11,6,2,3,2,5,9,Negocios Internacionales,C
13,12,3,5,7,12,8,Negocios Internacionales,C
14,9,2,0,4,5,6,Economía,C
11,6,5,6,1,1,6,Economía,C
14,5,0,2,4,6,9,Economía,C
14,7,4,2,3,3,11,Economía,C
13,9,4,4,6,6,9,Economía,C
13,10,5,3,4,5,9,Economía,C
12,4,5,3,2,1,9,Economía,C
13,7,9,5,4,3,5,Economía,C
12,5,2,0,3,1,8,Economía,C
9,7,8,5,6,7,9,Economía,C
14,5,4,3,5,4,7,Economía,C
14,6,2,5,0,4,8,Economía,C
11,6,2,5,1,5,6,Economía,C
13,3,5,3,1,4,5,Economía,C
4,3,3,1,5,4,2,Economía,C
11,6,2,2,1,6,10,Economía,C
13,8,8,1,2,9,9,Economía,C
13,8,5,9,3,4,10,Economía,C
13,5,4,6,4,3,11,Economía,C
14,8,6,4,1,5,8,Economía,C
11,9,5,7,4,7,11,Economía,C
12,8,1,0,1,2,6,Economía,C
12,4,5,8,6,8,11,Economía,C
11,8,5,4,4,3,11,Economía,C
11,7,6,3,2,6,9,Economía,C
13,6,3,0,4,0,6,Economía,C
9,3,0,1,4,4,8,Economía,C
12,5,1,4,1,7,11,Economía,C
13,9,3,3,4,7,9,Economía,C
11,5,4,0,4,3,7,Economía,C
12,7,1,1,3,4,8,Economía,C
14,7,7,3,3,7,9,Economía,C
13,5,2,1,4,3,5,Economía,C
14,7,8,2,10,6,11,Economía,C
13,7,3,2,6,3,7,Economía,C
8,6,4,4,2,2,9,Economía,C
13,6,8,6,1,4,9,Economía,C
13,9,0,4,1,4,7,Economía,C
9,2,2,1,5,3,7,Economía,C
13,2,3,2,3,5,8,Economía,C
14,5,6,4,4,5,11,Economía,C
14,11,4,8,8,0,11,Economía,C
13,7,6,5,2,4,14,Economía,C
9,4,2,2,1,0,8,Economía,C
13,9,3,5,6,6,8,Economía,C
13,6,2,2,2,3,9,Economía,C
9,8,4,1,3,0,9,Economía,C
10,7,5,1,4,1,6,Economía,C
13,5,2,7,0,3,12,Economía,C
12,10,3,3,3,2,7,Economía,C
12,3,5,1,5,0,6,Administración Bancaria y Financiera,C
10,1,3,4,5,7,11,Administración Bancaria y Financiera,C
14,2,0,4,3,5,10,Administración Bancaria y Financiera,C
10,7,4,5,4,4,5,Administración Bancaria y Financiera,C
10,5,4,3,4,0,9,Administración Bancaria y Financiera,C
13,4,3,5,1,2,10,Administración Bancaria y Financiera,C
11,1,5,10,3,2,6,Administración Bancaria y Financiera,C
12,6,2,1,3,2,8,Administración Bancaria y Financiera,C
12,1,5,2,3,1,9,Administración Bancaria y Financiera,C
13,5,3,3,5,6,11,Administración Bancaria y Financiera,C
14,3,7,1,1,5,8,Administración Bancaria y Financiera,C
14,5,5,10,6,5,12,Administración Bancaria y Financiera,C
13,1,4,0,2,1,6,Administración Bancaria y Financiera,C
14,9,7,9,7,8,13,Administración Bancaria y Financiera,C
10,0,3,7,0,5,4,Administración Bancaria y Financiera,C
13,3,5,3,4,4,11,Administración Bancaria y Financiera,C
14,1,6,9,5,8,9,Administración Bancaria y Financiera,C
11,3,1,1,2,1,6,Administración Bancaria y Financiera,C
13,5,5,6,5,6,11,Administración Bancaria y Financiera,C
12,6,1,0,3,6,8,Administración Bancaria y Financiera,C
12,3,5,2,2,0,7,Administración Bancaria y Financiera,C
14,2,4,1,1,5,7,Administración Bancaria y Financiera,C
10,2,0,1,2,1,9,Administración Bancaria y Financiera,C
14,2,8,6,5,5,12,Administración Bancaria y Financiera,C
11,3,4,0,0,2,9,Administración Bancaria y Financiera,C
11,1,3,3,0,4,7,Administración Bancaria y Financiera,C
14,5,2,2,3,4,7,Administración Bancaria y Financiera,C
9,5,4,4,5,4,9,Administración Bancaria y Financiera,C
11,5,2,3,2,4,9,Administración Bancaria y Financiera,C
12,5,7,3,4,2,12,Administración Bancaria y Financiera,C
10,7,3,1,8,7,10,Administración Bancaria y Financiera,C
9,8,8,3,2,5,8,Administración Bancaria y Financiera,C
12,6,5,6,5,3,8,Administración Bancaria y Financiera,C
14,5,2,5,3,3,9,Administración Bancaria y Financiera,C
13,5,5,2,4,4,9,Administración Bancaria y Financiera,C
14,4,0,3,0,2,9,Administración Bancaria y Financiera,C
12,4,6,7,1,7,12,Administración Bancaria y Financiera,C
8,5,5,7,1,4,10,Administración Bancaria y Financiera,C
14,6,7,6,0,3,10,Administración Bancaria y Financiera,C
11,2,4,5,6,6,13,Administración Bancaria y Financiera,C
12,7,5,7,6,2,10,Administración Bancaria y Financiera,C
13,7,6,5,4,8,12,Administración Bancaria y Financiera,C
14,1,6,6,4,5,8,Administración Bancaria y Financiera,C
11,2,3,7,3,4,9,Administración Bancaria y Financiera,C
13,9,7,4,4,7,8,Administración Bancaria y Financiera,C
12,4,6,5,4,3,10,Administración Bancaria y Financiera,C
9,4,1,4,4,4,8,Administración Bancaria y Financiera,C
10,1,4,2,7,6,7,Administración Bancaria y Financiera,C
14,1,6,4,3,1,8,Administración Bancaria y Financiera,C
13,7,9,7,1,8,8,Administración Bancaria y Financiera,C
9,10,4,7,3,2,1,Recursos Humanos,C
10,9,3,6,5,1,4,Recursos Humanos,C
12,8,2,5,0,8,5,Recursos Humanos,C
11,7,3,3,3,5,0,Recursos Humanos,C
14,13,3,4,3,1,7,Recursos Humanos,C
13,9,2,8,1,1,4,Recursos Humanos,C
9,9,7,2,3,2,1,Recursos Humanos,C
14,10,4,8,6,6,5,Recursos Humanos,C
8,11,3,8,7,5,4,Recursos Humanos,C
11,12,4,6,6,3,2,Recursos Humanos,C
14,7,0,7,4,7,3,Recursos Humanos,C
12,13,3,10,1,4,2,Recursos Humanos,C
14,8,1,4,3,3,1,Recursos Humanos,C
13,10,3,4,8,2,2,Recursos Humanos,C
11,7,3,4,0,1,2,Recursos Humanos,C
13,10,5,5,2,6,1,Recursos Humanos,C
12,5,7,4,0,9,3,Recursos Humanos,C
14,9,6,7,0,3,9,Recursos Humanos,C
14,8,2,5,1,0,5,Recursos Humanos,C
14,7,6,10,5,3,6,Recursos Humanos,C
13,6,0,7,1,1,5,Recursos Humanos,C
11,4,3,7,0,5,2,Recursos Humanos,C
12,8,1,10,1,2,3,Recursos Humanos,C
11,7,3,7,3,3,3,Recursos Humanos,C
9,7,7,10,4,2,6,Recursos Humanos,C
10,6,7,6,4,3,4,Recursos Humanos,C
11,10,3,9,9,5,7,Recursos Humanos,C
14,12,5,7,4,6,5,Recursos Humanos,C
10,9,0,6,3,6,3,Recursos Humanos,C
11,8,6,7,2,2,0,Recursos Humanos,C
12,11,2,6,3,1,1,Recursos Humanos,C
13,9,2,3,4,4,3,Recursos Humanos,C
13,8,5,6,2,5,0,Recursos Humanos,C
11,3,3,3,4,3,4,Recursos Humanos,C
12,14,6,5,4,5,5,Recursos Humanos,C
14,10,8,6,7,3,7,Recursos Humanos,C
13,8,1,10,4,6,0,Recursos Humanos,C
14,7,4,8,0,7,3,Recursos Humanos,C
14,8,3,7,3,6,3,Recursos Humanos,C
12,7,6,7,1,3,3,Recursos Humanos,C
10,9,5,7,2,2,6,Recursos Humanos,C
13,11,6,8,5,3,3,Recursos Humanos,C
13,8,9,9,6,3,7,Recursos Humanos,C
7,10,1,5,0,2,2,Recursos Humanos,C
14,11,7,6,3,6,5,Recursos Humanos,C
13,12,4,9,4,7,4,Recursos Humanos,C
12,10,5,5,3,5,2,Recursos Humanos,C
13,10,2,4,4,3,9,Recursos Humanos,C
12,9,3,7,8,4,5,Recursos Humanos,C
10,10,4,7,3,1,9,Recursos Humanos,C
7,10,4,3,2,4,0,Derecho,H
9,13,2,2,0,7,1,Derecho,H
10,13,6,7,6,7,6,Derecho,H
7,10,6,1,5,7,4,Derecho,H
9,14,4,6,5,3,0,Derecho,H
11,11,4,1,1,7,4,Derecho,H
8,11,5,9,3,7,6,Derecho,H
10,13,1,0,1,2,0,Derecho,H
4,8,4,1,8,5,5,Derecho,H
8,10,4,4,3,9,5,Derecho,H
13,11,2,4,0,7,8,Derecho,H
6,12,4,3,3,10,3,Derecho,H
9,11,4,3,7,7,1,Derecho,H
11,12,4,4,5,8,2,Derecho,H
9,14,4,7,1,3,1,Derecho,H
11,9,6,1,4,10,4,Derecho,H
5,11,6,1,1,3,2,Derecho,H
8,13,6,3,3,5,4,Derecho,H
5,11,3,6,2,6,0,Derecho,H
8,11,2,2,2,5,2,Derecho,H
9,12,4,1,0,8,1,Derecho,H
11,10,3,0,4,5,5,Derecho,H
9,13,3,2,3,9,3,Derecho,H
12,13,9,4,9,6,3,Derecho,H
4,9,4,1,2,4,1,Derecho,H
10,13,2,2,1,5,5,Derecho,H
10,14,6,3,1,5,2,Derecho,H
6,10,4,1,6,4,1,Derecho,H
10,13,2,3,4,7,4,Derecho,H
9,8,7,1,4,5,1,Derecho,H
8,13,3,7,4,7,4,Derecho,H
11,14,5,0,7,6,3,Derecho,H
10,12,2,10,3,6,5,Derecho,H
9,7,1,1,2,5,2,Derecho,H
6,11,3,3,2,4,4,Derecho,H
11,12,0,10,6,7,7,Derecho,H
12,14,4,1,7,11,7,Derecho,H
9,9,4,1,3,8,10,Derecho,H
9,8,3,1,2,5,0,Derecho,H
5,11,6,0,1,8,4,Derecho,H
6,14,3,0,1,6,3,Derecho,H
9,11,3,3,3,1,6,Derecho,H
11,13,1,3,1,5,2,Derecho,H
12,12,10,7,6,12,6,Derecho,H
10,10,5,5,4,5,0,Derecho,H
2,11,3,5,1,1,0,Derecho,H
11,7,3,3,1,3,1,Derecho,H
8,9,7,0,0,8,4,Derecho,H
13,13,6,8,6,10,4,Derecho,H
7,11,0,5,5,5,3,Derecho,H
2,9,8,4,1,0,0,Educación,H
2,13,5,10,7,3,6,Educación,H
6,9,5,10,3,0,1,Educación,H
2,8,7,6,4,6,6,Educación,H
1,12,3,9,2,2,3,Educación,H
3,13,5,9,1,3,5,Educación,H
5,11,12,8,5,5,8,Educación,H
2,10,10,10,5,1,1,Educación,H
7,11,3,6,6,6,3,Educación,H
4,11,6,10,3,3,2,Educación,H
7,12,7,9,4,3,4,Educación,H
2,13,8,11,4,3,2,Educación,H
6,14,4,11,1,3,4,Educación,H
6,13,9,7,2,6,3,Educación,H
3,14,11,11,2,2,6,Educación,H
7,12,6,12,3,4,2,Educación,H
7,14,8,9,4,5,3,Educación,H
3,12,9,9,3,6,4,Educación,H
5,14,11,10,5,3,8,Educación,H
2,10,9,7,0,4,5,Educación,H
2,9,7,7,0,3,1,Educación,H
4,13,5,10,1,2,7,Educación,H
1,14,9,12,8,1,7,Educación,H
2,11,3,7,2,7,3,Educación,H
3,11,4,6,6,2,2,Educación,H
5,12,6,12,5,6,1,Educación,H
2,11,9,8,4,4,7,Educación,H
5,14,3,5,6,6,3,Educación,H
7,13,7,11,3,3,7,Educación,H
3,11,6,11,3,5,6,Educación,H
2,14,11,9,5,7,1,Educación,H
2,10,4,6,2,0,1,Educación,H
3,14,4,8,1,4,4,Educación,H
2,11,6,10,3,2,2,Educación,H
1,13,9,12,3,5,3,Educación,H
1,13,5,10,3,1,4,Educación,H
4,12,4,5,1,3,2,Educación,H
1,10,4,4,2,6,6,Educación,H
3,9,3,4,4,1,2,Educación,H
1,13,5,4,1,3,3,Educación,H
8,12,6,6,8,4,2,Educación,H
6,13,8,6,6,1,4,Educación,H
1,13,3,9,3,5,5,Educación,H
4,11,5,8,3,1,5,Educación,H
4,14,7,11,2,6,3,Educación,H
4,9,9,8,3,6,6,Educación,H
6,11,9,7,3,7,2,Educación,H
2,14,10,14,7,2,7,Educación,H
4,12,2,9,0,6,0,Educación,H
6,14,4,9,5,0,4,Educación,H
4,13,6,8,6,2,3,Psicología,H
6,12,3,3,5,0,2,Psicología,H
4,13,0,9,4,7,9,Psicología,H
6,11,5,11,8,3,8,Psicología,H
4,6,6,1,1,0,9,Psicología,H
4,13,6,6,6,5,7,Psicología,H
2,13,3,12,6,4,7,Psicología,H
10,14,1,11,3,5,9,Psicología,H
0,10,4,11,1,4,5,Psicología,H
6,14,4,11,6,6,6,Psicología,H
7,12,2,6,1,1,7,Psicología,H
3,10,4,9,1,2,8,Psicología,H
4,8,1,5,2,1,3,Psicología,H
7,14,1,11,3,4,4,Psicología,H
2,13,3,5,2,6,7,Psicología,H
0,7,1,9,0,1,5,Psicología,H
6,12,5,11,1,4,4,Psicología,H
1,12,2,8,9,4,9,Psicología,H
4,14,5,7,1,1,7,Psicología,H
4,11,1,7,1,2,6,Psicología,H
4,13,0,13,2,4,6,Psicología,H
1,12,5,9,3,1,6,Psicología,H
4,11,4,5,2,8,4,Psicología,H
7,12,3,8,2,7,11,Psicología,H
4,11,1,7,5,0,5,Psicología,H
0,6,1,1,1,0,4,Psicología,H
3,11,3,6,4,1,6,Psicología,H
2,13,2,5,2,5,9,Psicología,H
5,12,4,6,3,3,8,Psicología,H
4,11,3,5,2,0,7,Psicología,H
5,14,4,9,3,4,5,Psicología,H
0,11,6,9,3,6,3,Psicología,H
5,9,2,13,5,5,6,Psicología,H
3,12,4,11,4,2,6,Psicología,H
4,11,1,10,2,4,4,Psicología,H
3,12,3,7,0,1,3,Psicología,H
5,14,3,13,8,6,11,Psicología,H
6,8,1,11,3,4,8,Psicología,H
2,14,0,12,3,4,3,Psicología,H
5,14,6,12,3,10,9,Psicología,H
5,14,5,10,3,0,5,Psicología,H
4,14,3,4,3,6,5,Psicología,H
3,13,1,8,3,5,5,Psicología,H
7,13,8,10,3,5,7,Psicología,H
4,14,7,12,5,6,11,Psicología,H
4,14,3,10,3,1,9,Psicología,H
5,6,6,5,1,2,6,Psicología,H
2,14,4,12,6,5,9,Psicología,H
5,11,3,8,3,3,6,Psicología,H
2,8,4,7,6,0,7,Psicología,H
3,14,5,13,2,3,4,Trabajo Social,H
6,13,1,7,4,0,3,Trabajo Social,H
7,9,3,9,2,0,4,Trabajo Social,H
6,9,4,8,6,4,2,Trabajo Social,H
8,14,6,7,3,4,4,Trabajo Social,H
7,11,5,10,4,2,0,Trabajo Social,H
2,14,5,3,3,0,1,Trabajo Social,H
1,13,4,10,3,4,3,Trabajo Social,H
10,11,1,9,3,6,2,Trabajo Social,H
10,14,1,12,5,8,3,Trabajo Social,H
11,8,4,11,7,3,1,Trabajo Social,H
3,8,1,7,1,0,4,Trabajo Social,H
3,12,1,9,1,1,0,Trabajo Social,H
5,14,7,9,4,2,4,Trabajo Social,H
9,13,5,12,10,3,2,Trabajo Social,H
6,9,4,8,5,3,2,Trabajo Social,H
8,11,6,9,2,2,2,Trabajo Social,H
8,13,3,12,0,3,2,Trabajo Social,H
6,11,1,10,3,3,2,Trabajo Social,H
7,10,3,11,3,1,4,Trabajo Social,H
7,12,2,10,4,4,1,Trabajo Social,H
5,7,3,6,1,0,6,Trabajo Social,H
2,12,3,7,2,3,6,Trabajo Social,H
9,14,4,7,2,4,5,Trabajo Social,H
11,13,3,6,5,2,4,Trabajo Social,H
5,11,1,12,0,4,4,Trabajo Social,H
11,14,3,11,1,6,4,Trabajo Social,H
7,14,8,9,5,4,2,Trabajo Social,H
9,13,8,12,6,6,7,Trabajo Social,H
10,11,6,11,6,3,5,Trabajo Social,H
8,13,6,10,7,7,3,Trabajo Social,H
8,11,9,7,1,5,1,Trabajo Social,H
2,13,6,9,4,7,1,Trabajo Social,H
4,11,5,7,2,0,2,Trabajo Social,H
3,12,1,4,1,2,3,Trabajo Social,H
0,10,1,6,3,0,3,Trabajo Social,H
9,11,5,5,4,4,4,Trabajo Social,H
9,12,4,10,6,8,3,Trabajo Social,H
3,10,2,2,1,2,3,Trabajo Social,H
7,12,1,6,5,3,4,Trabajo Social,H
3,13,3,8,4,5,4,Trabajo Social,H
4,12,4,2,9,0,5,Trabajo Social,H
6,14,9,9,4,8,3,Trabajo Social,H
8,14,7,7,1,5,7,Trabajo Social,H
9,13,4,12,5,3,5,Trabajo Social,H
3,13,0,7,3,0,1,Trabajo Social,H
5,13,10,7,2,2,6,Trabajo Social,H
2,7,2,9,0,4,4,Trabajo Social,H
8,14,2,7,6,8,6,Trabajo Social,H
8,13,6,11,2,7,2,Trabajo Social,H
11,13,11,1,2,7,2,Ciencias de la Comunicación,H
8,11,8,7,6,6,3,Ciencias de la Comunicación,H
6,9,10,3,6,5,3,Ciencias de la Comunicación,H
4,14,12,4,7,1,7,Ciencias de la Comunicación,H
7,10,8,1,2,3,2,Ciencias de la Comunicación,H
7,12,7,7,6,8,5,Ciencias de la Comunicación,H
5,14,7,9,2,3,3,Ciencias de la Comunicación,H
8,11,9,1,3,0,1,Ciencias de la Comunicación,H
11,12,9,3,7,5,2,Ciencias de la Comunicación,H
5,11,5,0,2,2,0,Ciencias de la Comunicación,H
6,12,9,3,1,0,2,Ciencias de la Comunicación,H
8,12,13,6,11,6,2,Ciencias de la Comunicación,H
7,11,9,3,2,3,4,Ciencias de la Comunicación,H
3,13,7,4,2,0,0,Ciencias de la Comunicación,H
3,13,9,4,6,5,2,Ciencias de la Comunicación,H
3,10,8,4,4,5,0,Ciencias de la Comunicación,H
5,13,10,3,1,5,5,Ciencias de la Comunicación,H
8,13,9,7,5,5,2,Ciencias de la Comunicación,H
4,11,9,3,0,0,3,Ciencias de la Comunicación,H
6,12,8,2,2,3,1,Ciencias de la Comunicación,H
4,9,10,4,2,3,6,Ciencias de la Comunicación,H
10,14,7,3,7,1,3,Ciencias de la Comunicación,H
4,14,12,5,1,5,5,Ciencias de la Comunicación,H
5,10,8,7,5,2,1,Ciencias de la Comunicación,H
6,12,10,2,7,2,4,Ciencias de la Comunicación,H
5,10,7,7,2,6,3,Ciencias de la Comunicación,H
11,14,11,5,4,6,5,Ciencias de la Comunicación,H
7,13,12,5,5,2,5,Ciencias de la Comunicación,H
10,14,11,7,3,6,2,Ciencias de la Comunicación,H
8,11,6,6,7,4,2,Ciencias de la Comunicación,H
8,12,14,6,2,3,1,Ciencias de la Comunicación,H
7,14,12,7,3,5,6,Ciencias de la Comunicación,H
6,6,6,2,3,0,3,Ciencias de la Comunicación,H
7,11,5,3,2,4,5,Ciencias de la Comunicación,H
9,11,4,2,0,7,4,Ciencias de la Comunicación,H
7,8,12,3,4,6,3,Ciencias de la Comunicación,H
4,12,6,4,1,3,4,Ciencias de la Comunicación,H
8,11,9,4,2,2,4,Ciencias de la Comunicación,H
8,13,6,8,7,4,5,Ciencias de la Comunicación,H
7,13,9,5,2,2,5,Ciencias de la Comunicación,H
5,14,9,3,5,7,5,Ciencias de la Comunicación,H
8,9,10,4,7,5,1,Ciencias de la Comunicación,H
4,12,10,3,0,6,2,Ciencias de la Comunicación,H
7,13,11,4,5,7,2,Ciencias de la Comunicación,H
5,10,7,0,1,0,5,Ciencias de la Comunicación,H
8,11,10,2,2,6,6,Ciencias de la Comunicación,H
4,13,4,2,1,2,1,Ciencias de la Comunicación,H
7,14,13,4,3,2,8,Ciencias de la Comunicación,H
3,11,11,3,2,3,2,Ciencias de la Comunicación,H
8,11,9,3,3,6,2,Ciencias de la Comunicación,H
2,10,0,1,0,2,11,Sociología,H
8,12,2,1,2,5,8,Sociología,H
6,12,2,2,5,3,9,Sociología,H
7,11,2,4,2,3,5,Sociología,H
4,9,3,3,3,2,6,Sociología,H
6,14,4,2,4,6,11,Sociología,H
8,13,5,6,3,3,12,Sociología,H
9,14,2,3,6,8,9,Sociología,H
4,14,8,7,9,3,11,Sociología,H
6,12,2,5,6,10,9,Sociología,H
8,10,8,5,0,1,8,Sociología,H
4,7,0,3,1,0,10,Sociología,H
5,10,0,3,1,8,10,Sociología,H
7,14,7,3,2,5,13,Sociología,H
4,10,1,4,1,2,7,Sociología,H
8,14,3,4,2,3,10,Sociología,H
5,11,5,0,1,5,3,Sociología,H
8,13,4,1,6,8,11,Sociología,H
8,8,3,5,1,1,13,Sociología,H
5,12,9,5,3,0,5,Sociología,H
8,13,3,4,3,2,9,Sociología,H
4,13,6,0,1,4,4,Sociología,H
6,14,2,0,4,4,5,Sociología,H
6,12,0,1,2,5,3,Sociología,H
6,12,0,1,1,4,6,Sociología,H
7,12,2,2,4,2,7,Sociología,H
7,12,1,1,2,5,5,Sociología,H
4,11,3,5,1,2,10,Sociología,H
5,10,1,5,4,2,13,Sociología,H
6,11,6,6,1,2,10,Sociología,H
2,7,1,2,1,3,5,Sociología,H
9,13,5,5,1,2,8,Sociología,H
4,14,6,5,6,5,12,Sociología,H
5,11,2,5,7,1,13,Sociología,H
9,11,5,4,8,2,10,Sociología,H
5,11,2,2,10,7,11,Sociología,H
4,4,2,0,0,3,6,Sociología,H
8,14,8,4,4,11,12,Sociología,H
3,13,1,3,3,2,7,Sociología,H
7,11,2,1,0,2,9,Sociología,H
10,14,3,8,2,9,11,Sociología,H
2,10,2,4,4,2,6,Sociología,H
9,9,6,5,4,2,8,Sociología,H
7,11,2,5,2,2,12,Sociología,H
2,12,6,6,2,5,12,Sociología,H
8,13,4,6,3,6,10,Sociología,H
10,12,6,0,4,4,9,Sociología,H
7,11,2,2,5,5,7,Sociología,H
7,12,2,4,5,6,4,Sociología,H
9,12,8,6,7,5,9,Sociología,H
8,14,0,6,3,9,10,Ciencias Políticas,H
10,14,2,7,8,11,3,Ciencias Políticas,H
9,9,4,6,2,3,5,Ciencias Políticas,H
7,13,3,2,5,7,2,Ciencias Políticas,H
12,13,3,1,1,2,2,Ciencias Políticas,H
11,12,8,3,6,5,6,Ciencias Políticas,H
9,14,1,3,1,5,0,Ciencias Políticas,H
4,6,2,5,1,7,3,Ciencias Políticas,H
6,11,0,3,0,8,2,Ciencias Políticas,H
9,10,5,5,0,6,1,Ciencias Políticas,H
9,14,7,4,5,8,1,Ciencias Políticas,H
10,8,3,2,0,4,5,Ciencias Políticas,H
7,13,2,4,1,4,0,Ciencias Políticas,H
8,13,2,3,5,9,5,Ciencias Políticas,H
11,14,3,7,11,9,6,Ciencias Políticas,H
8,12,4,5,7,9,5,Ciencias Políticas,H
12,13,6,5,5,4,2,Ciencias Políticas,H
7,10,4,3,1,10,7,Ciencias Políticas,H
8,12,2,4,2,4,0,Ciencias Políticas,H
12,6,2,4,3,6,2,Ciencias Políticas,H
13,11,1,1,3,9,5,Ciencias Políticas,H
12,13,6,1,2,10,2,Ciencias Políticas,H
10,14,5,3,2,8,2,Ciencias Políticas,H
8,10,3,4,5,8,8,Ciencias Políticas,H
5,12,3,2,5,7,4,Ciencias Políticas,H
5,8,4,0,2,4,1,Ciencias Políticas,H
5,12,8,5,6,8,7,Ciencias Políticas,H
9,11,4,5,4,5,2,Ciencias Políticas,H
11,13,3,7,6,8,4,Ciencias Políticas,H
11,12,3,6,3,8,4,Ciencias Políticas,H
10,13,3,8,6,8,6,Ciencias Políticas,H
13,14,5,6,4,6,2,Ciencias Políticas,H
10,12,3,5,2,9,7,Ciencias Políticas,H
11,11,2,2,4,5,1,Ciencias Políticas,H
9,12,1,7,5,5,6,Ciencias Políticas,H
8,11,2,2,4,3,2,Ciencias Políticas,H
8,9,6,3,2,7,1,Ciencias Políticas,H
7,12,0,9,4,8,4,Ciencias Políticas,H
9,9,4,1,4,4,1,Ciencias Políticas,H
8,14,5,6,5,8,4,Ciencias Políticas,H
4,11,3,2,3,1,6,Ciencias Políticas,H
10,12,1,8,2,9,3,Ciencias Políticas,H
7,14,2,8,3,7,2,Ciencias Políticas,H
12,14,5,4,5,8,3,Ciencias Políticas,H
8,14,4,1,3,8,8,Ciencias Políticas,H
12,11,0,4,0,3,7,Ciencias Políticas,H
9,10,1,2,2,9,1,Ciencias Políticas,H
12,14,3,3,4,4,1,Ciencias Políticas,H
7,13,2,1,4,4,7,Ciencias Políticas,H
7,8,6,2,3,5,2,Ciencias Políticas,H
4,4,14,0,9,1,3,Diseño Gráfico,A
6,2,11,1,5,2,4,Diseño Gráfico,A
7,4,14,3,5,5,3,Diseño Gráfico,A
7,7,11,5,12,8,2,Diseño Gráfico,A
1,2,12,3,5,2,5,Diseño Gráfico,A
5,5,14,7,8,6,4,Diseño Gráfico,A
6,5,12,3,7,3,3,Diseño Gráfico,A
4,3,14,6,11,4,4,Diseño Gráfico,A
6,1,11,2,6,3,2,Diseño Gráfico,A
4,4,12,6,4,1,2,Diseño Gráfico,A
3,3,14,1,8,0,1,Diseño Gráfico,A
3,5,10,0,3,7,3,Diseño Gráfico,A
4,2,10,2,10,3,2,Diseño Gráfico,A
11,1,11,2,6,5,5,Diseño Gráfico,A
4,1,10,0,4,1,2,Diseño Gráfico,A
5,0,10,3,6,3,3,Diseño Gráfico,A
5,3,13,9,8,2,5,Diseño Gráfico,A
9,2,11,2,4,4,1,Diseño Gráfico,A
7,3,14,7,8,1,6,Diseño Gráfico,A
9,3,14,2,6,3,1,Diseño Gráfico,A
9,3,13,4,3,4,7,Diseño Gráfico,A
4,1,13,4,3,1,0,Diseño Gráfico,A
6,5,13,3,7,4,1,Diseño Gráfico,A
5,2,7,3,2,0,4,Diseño Gráfico,A
4,4,14,4,6,2,4,Diseño Gráfico,A
2,1,11,1,6,1,2,Diseño Gráfico,A
4,1,8,0,5,2,4,Diseño Gráfico,A
9,2,14,0,5,5,5,Diseño Gráfico,A
5,5,9,2,6,2,5,Diseño Gráfico,A
9,2,11,2,4,5,0,Diseño Gráfico,A
9,7,11,9,7,4,3,Diseño Gráfico,A
10,5,14,7,9,4,7,Diseño Gráfico,A
5,1,14,2,7,5,4,Diseño Gráfico,A
6,4,9,3,7,3,1,Diseño Gráfico,A
5,5,12,3,9,3,4,Diseño Gráfico,A
8,1,13,8,6,1,4,Diseño Gráfico,A
4,3,13,4,6,5,6,Diseño Gráfico,A
5,2,14,3,8,5,1,Diseño Gráfico,A
4,6,10,0,9,4,5,Diseño Gráfico,A
3,2,13,6,3,1,2,Diseño Gráfico,A
3,2,10,0,4,1,3,Diseño Gráfico,A
6,1,8,2,6,2,4,Diseño Gráfico,A
7,0,9,0,7,0,0,Diseño Gráfico,A
8,2,13,3,1,3,1,Diseño Gráfico,A
11,2,14,2,6,1,6,Diseño Gráfico,A
5,2,9,1,7,1,1,Diseño Gráfico,A
7,5,14,4,5,7,6,Diseño Gráfico,A
9,3,12,6,5,1,2,Diseño Gráfico,A
6,9,10,3,6,2,3,Diseño Gráfico,A
7,2,13,4,6,4,7,Diseño Gráfico,A
6,5,10,7,9,4,9,Arquitectura,A
10,6,14,3,11,4,6,Arquitectura,A
0,2,13,2,12,1,7,Arquitectura,A
1,3,11,2,7,4,7,Arquitectura,A
4,5,13,4,12,1,10,Arquitectura,A
5,6,13,9,10,3,6,Arquitectura,A
4,2,13,7,7,2,10,Arquitectura,A
3,3,14,4,10,4,8,Arquitectura,A
5,2,12,0,12,4,8,Arquitectura,A
5,2,13,3,9,4,2,Arquitectura,A
5,7,11,3,8,1,5,Arquitectura,A
6,5,14,0,10,6,7,Arquitectura,A
7,5,12,10,9,3,6,Arquitectura,A
4,6,14,9,11,10,9,Arquitectura,A
2,4,13,2,7,1,4,Arquitectura,A
3,4,10,3,6,3,6,Arquitectura,A
0,4,12,2,12,1,7,Arquitectura,A
3,3,14,5,9,1,5,Arquitectura,A
0,5,10,1,7,0,5,Arquitectura,A
6,7,13,7,12,7,8,Arquitectura,A
3,2,13,4,11,4,3,Arquitectura,A
6,7,14,1,14,9,5,Arquitectura,A
6,8,13,4,9,11,10,Arquitectura,A
1,0,7,2,7,5,6,Arquitectura,A
5,6,11,2,6,3,5,Arquitectura,A
4,2,13,1,6,4,10,Arquitectura,A
7,2,7,6,6,1,5,Arquitectura,A
0,6,11,4,7,3,8,Arquitectura,A
2,2,10,2,6,1,9,Arquitectura,A
5,6,14,3,8,2,4,Arquitectura,A
6,5,7,6,11,3,9,Arquitectura,A
6,5,12,1,11,1,7,Arquitectura,A
5,7,6,2,9,2,6,Arquitectura,A
6,3,13,3,6,1,4,Arquitectura,A
7,4,14,4,11,3,6,Arquitectura,A
3,2,14,6,7,3,6,Arquitectura,A
7,5,10,6,11,6,10,Arquitectura,A
3,3,14,6,13,4,6,Arquitectura,A
2,0,11,1,6,7,10,Arquitectura,A
5,6,14,1,6,2,11,Arquitectura,A
6,6,12,3,12,11,8,Arquitectura,A
4,1,6,0,6,1,7,Arquitectura,A
2,0,12,4,11,2,8,Arquitectura,A
4,1,12,3,8,6,9,Arquitectura,A
3,4,8,4,8,5,2,Arquitectura,A
3,9,11,3,12,5,7,Arquitectura,A
1,5,8,8,6,1,6,Arquitectura,A
1,1,14,2,10,2,6,Arquitectura,A
5,7,14,5,13,5,10,Arquitectura,A
5,5,12,10,13,6,10,Arquitectura,A
10,6,10,8,6,1,5,Diseño de Modas,A
11,2,12,5,2,4,7,Diseño de Modas,A
8,7,14,4,2,3,5,Diseño de Modas,A
9,11,13,3,6,4,5,Diseño de Modas,A
8,8,12,10,7,2,6,Diseño de Modas,A
10,9,9,5,4,6,2,Diseño de Modas,A
10,5,11,2,0,1,1,Diseño de Modas,A
11,8,13,2,1,4,0,Diseño de Modas,A
10,8,13,5,3,2,6,Diseño de Modas,A
13,5,14,2,4,0,5,Diseño de Modas,A
6,4,14,0,3,0,3,Diseño de Modas,A
9,4,10,2,7,3,9,Diseño de Modas,A
13,7,14,7,4,3,5,Diseño de Modas,A
5,5,10,5,3,1,1,Diseño de Modas,A
11,7,14,4,4,8,8,Diseño de Modas,A
13,2,10,7,5,0,7,Diseño de Modas,A
7,4,12,0,1,4,1,Diseño de Modas,A
9,7,10,2,3,7,6,Diseño de Modas,A
7,8,14,7,2,6,1,Diseño de Modas,A
8,7,12,5,4,5,1,Diseño de Modas,A
10,6,13,6,9,7,3,Diseño de Modas,A
11,6,11,2,1,4,4,Diseño de Modas,A
13,11,14,3,9,3,5,Diseño de Modas,A
8,9,10,1,7,4,3,Diseño de Modas,A
7,4,10,1,3,2,7,Diseño de Modas,A
8,3,10,3,0,4,0,Diseño de Modas,A
10,6,14,4,6,2,7,Diseño de Modas,A
5,6,12,2,2,6,4,Diseño de Modas,A
11,7,14,4,4,4,4,Diseño de Modas,A
11,9,10,0,3,6,0,Diseño de Modas,A
2,4,11,1,3,0,1,Diseño de Modas,A
3,4,12,0,5,0,3,Diseño de Modas,A
6,8,13,2,3,5,2,Diseño de Modas,A
11,6,13,1,4,2,7,Diseño de Modas,A
9,2,12,1,4,3,3,Diseño de Modas,A
4,6,11,8,2,3,3,Diseño de Modas,A
12,3,14,2,0,4,2,Diseño de Modas,A
11,6,12,3,5,10,7,Diseño de Modas,A
10,1,13,1,4,0,0,Diseño de Modas,A
14,8,9,4,7,2,1,Diseño de Modas,A
11,6,13,7,5,6,8,Diseño de Modas,A
7,4,9,6,2,3,5,Diseño de Modas,A
11,12,14,5,7,9,8,Diseño de Modas,A
5,9,11,3,3,2,1,Diseño de Modas,A
11,4,10,1,7,1,1,Diseño de Modas,A
12,8,13,6,3,10,2,Diseño de Modas,A
13,6,11,6,7,8,5,Diseño de Modas,A
9,8,13,8,5,2,3,Diseño de Modas,A
6,6,8,3,0,1,0,Diseño de Modas,A
8,4,11,2,5,1,3,Diseño de Modas,A
5,7,14,4,3,3,3,Artes Escénicas,A
0,7,11,4,1,2,3,Artes Escénicas,A
8,6,14,7,5,2,5,Artes Escénicas,A
2,9,13,5,1,5,5,Artes Escénicas,A
5,8,12,5,6,0,8,Artes Escénicas,A
3,13,13,12,4,6,2,Artes Escénicas,A
2,6,9,3,3,1,0,Artes Escénicas,A
4,9,10,6,2,2,2,Artes Escénicas,A
3,10,14,10,4,6,5,Artes Escénicas,A
2,11,12,8,3,7,0,Artes Escénicas,A
8,10,14,7,4,9,3,Artes Escénicas,A
2,10,14,8,2,4,6,Artes Escénicas,A
7,10,14,9,2,6,2,Artes Escénicas,A
2,11,13,12,0,5,4,Artes Escénicas,A
3,10,11,7,2,3,6,Artes Escénicas,A
3,7,12,4,2,5,3,Artes Escénicas,A
3,9,12,7,2,3,2,Artes Escénicas,A
3,9,11,3,5,3,1,Artes Escénicas,A
3,6,13,4,5,0,4,Artes Escénicas,A
2,9,11,4,1,5,9,Artes Escénicas,A
1,12,10,8,2,3,2,Artes Escénicas,A
5,7,11,5,0,0,3,Artes Escénicas,A
4,12,11,4,3,4,4,Artes Escénicas,A
6,8,9,6,5,2,6,Artes Escénicas,A
4,7,12,5,4,0,6,Artes Escénicas,A
4,9,14,5,4,4,5,Artes Escénicas,A
2,11,13,7,6,1,8,Artes Escénicas,A
8,10,10,3,4,3,8,Artes Escénicas,A
3,9,11,6,2,3,8,Artes Escénicas,A
5,8,9,10,2,5,0,Artes Escénicas,A
2,9,13,8,4,1,1,Artes Escénicas,A
2,9,13,3,2,5,4,Artes Escénicas,A
2,9,12,6,2,4,2,Artes Escénicas,A
4,6,14,6,3,1,3,Artes Escénicas,A
4,6,9,8,5,0,5,Artes Escénicas,A
3,12,12,7,2,0,1,Artes Escénicas,A
1,11,14,8,5,4,1,Artes Escénicas,A
6,12,14,5,4,4,4,Artes Escénicas,A
2,5,10,3,1,0,3,Artes Escénicas,A
5,10,12,6,3,4,5,Artes Escénicas,A
2,10,10,9,7,0,1,Artes Escénicas,A
5,8,11,5,7,2,3,Artes Escénicas,A
7,7,9,3,3,1,2,Artes Escénicas,A
5,12,12,11,10,6,6,Artes Escénicas,A
6,11,8,9,0,3,4,Artes Escénicas,A
2,7,11,4,3,1,2,Artes Escénicas,A
2,9,8,8,1,2,5,Artes Escénicas,A
2,8,12,8,7,6,5,Artes Escénicas,A
4,12,14,8,3,6,3,Artes Escénicas,A
7,7,11,3,8,7,2,Artes Escénicas,A
5,4,11,6,1,5,11,Música,A
3,6,8,5,3,2,7,Música,A
2,6,12,8,4,4,7,Música,A
3,7,13,9,6,8,6,Música,A
6,6,14,7,0,3,3,Música,A
7,9,13,5,4,3,7,Música,A
7,5,13,2,1,6,6,Música,A
5,1,14,3,0,7,7,Música,A
3,10,9,2,2,3,4,Música,A
6,2,10,3,4,3,7,Música,A
6,5,11,5,5,4,3,Música,A
6,8,10,7,4,5,7,Música,A
3,5,12,1,0,3,8,Música,A
5,9,11,6,4,4,10,Música,A
7,5,11,8,7,7,9,Música,A
1,2,13,2,2,1,5,Música,A
9,10,12,6,3,6,6,Música,A
1,10,10,4,1,1,4,Música,A
3,4,11,4,1,5,8,Música,A
4,6,13,1,5,5,5,Música,A
2,3,12,7,3,5,7,Música,A
1,8,13,5,4,5,4,Música,A
2,6,11,3,6,3,6,Música,A
6,7,13,2,3,1,5,Música,A
1,6,12,3,6,2,4,Música,A
1,6,13,5,3,3,7,Música,A
2,4,11,4,3,3,7,Música,A
0,9,13,3,5,5,1,Música,A
5,7,10,7,2,5,10,Música,A
5,6,9,5,0,0,7,Música,A
4,8,12,2,4,7,6,Música,A
1,8,13,5,4,3,4,Música,A
4,7,12,8,4,1,10,Música,A
4,8,13,1,7,2,6,Música,A
2,9,11,1,3,1,5,Música,A
3,6,14,3,9,0,11,Música,A
1,10,9,7,2,1,7,Música,A
6,6,12,5,3,2,7,Música,A
3,5,11,6,0,4,6,Música,A
3,5,13,0,1,6,7,Música,A
0,5,8,1,1,6,9,Música,A
1,7,14,7,1,2,4,Música,A
5,9,12,4,3,4,8,Música,A
0,4,12,0,1,6,5,Música,A
4,8,14,5,2,6,5,Música,A
5,7,13,5,3,7,10,Música,A
2,3,14,2,3,1,4,Música,A
3,7,14,5,5,3,9,Música,A
1,6,14,1,0,3,4,Música,A
4,9,12,5,7,7,9,Música,A
3,6,13,5,12,5,1,Comunicación Audiovisual,A
5,9,13,6,10,5,4,Comunicación Audiovisual,A
4,10,14,5,10,3,5,Comunicación Audiovisual,A
6,6,13,2,4,2,4,Comunicación Audiovisual,A
5,8,11,4,5,5,4,Comunicación Audiovisual,A
5,14,14,4,5,1,8,Comunicación Audiovisual,A
3,8,12,4,4,2,2,Comunicación Audiovisual,A
1,5,9,0,2,0,2,Comunicación Audiovisual,A
6,11,14,5,12,3,2,Comunicación Audiovisual,A
1,5,10,2,6,0,4,Comunicación Audiovisual,A
1,10,8,2,2,3,0,Comunicación Audiovisual,A
1,10,8,3,2,1,0,Comunicación Audiovisual,A
2,10,12,8,6,1,4,Comunicación Audiovisual,A
6,8,14,3,8,5,2,Comunicación Audiovisual,A
2,7,10,4,10,4,6,Comunicación Audiovisual,A
5,12,11,4,8,1,1,Comunicación Audiovisual,A
3,7,8,3,3,2,1,Comunicación Audiovisual,A
3,3,8,0,4,3,2,Comunicación Audiovisual,A
3,11,14,8,8,4,3,Comunicación Audiovisual,A
5,7,8,0,7,5,2,Comunicación Audiovisual,A
1,11,13,4,11,5,5,Comunicación Audiovisual,A
1,7,7,4,3,0,5,Comunicación Audiovisual,A
1,7,9,1,4,4,6,Comunicación Audiovisual,A
6,10,11,3,11,8,9,Comunicación Audiovisual,A
3,6,8,0,5,1,5,Comunicación Audiovisual,A
6,11,14,1,3,4,2,Comunicación Audiovisual,A
1,12,14,5,7,1,0,Comunicación Audiovisual,A
0,11,9,2,6,5,1,Comunicación Audiovisual,A
5,11,13,1,8,2,5,Comunicación Audiovisual,A
7,11,13,7,11,5,2,Comunicación Audiovisual,A
10,10,14,5,11,8,5,Comunicación Audiovisual,A
3,4,14,3,4,4,0,Comunicación Audiovisual,A
3,9,12,4,5,1,1,Comunicación Audiovisual,A
2,9,11,6,7,1,5,Comunicación Audiovisual,A
3,9,11,3,4,3,7,Comunicación Audiovisual,A
2,7,14,7,6,0,3,Comunicación Audiovisual,A
1,5,11,3,1,4,2,Comunicación Audiovisual,A
4,6,13,3,6,7,5,Comunicación Audiovisual,A
4,9,14,1,9,5,5,Comunicación Audiovisual,A
6,7,14,4,7,4,4,Comunicación Audiovisual,A
2,6,14,2,7,3,0,Comunicación Audiovisual,A
2,8,12,3,4,3,6,Comunicación Audiovisual,A
6,6,12,3,4,2,1,Comunicación Audiovisual,A
4,11,12,5,11,1,5,Comunicación Audiovisual,A
3,5,14,4,4,1,3,Comunicación Audiovisual,A
4,14,12,3,5,3,2,Comunicación Audiovisual,A
2,7,12,3,7,4,5,Comunicación Audiovisual,A
7,10,9,2,8,1,4,Comunicación Audiovisual,A
1,7,12,0,4,3,1,Comunicación Audiovisual,A
3,8,13,3,4,1,4,Comunicación Audiovisual,A
11,12,12,4,2,4,4,Publicidad,A
8,7,9,2,2,8,1,Publicidad,A
8,9,10,2,5,4,6,Publicidad,A
10,13,13,8,6,6,6,Publicidad,A
7,10,10,2,4,4,1,Publicidad,A
11,5,9,2,7,3,2,Publicidad,A
9,8,13,7,2,4,7,Publicidad,A
9,10,14,2,2,8,5,Publicidad,A
10,9,11,2,2,2,2,Publicidad,A
10,10,9,6,2,3,1,Publicidad,A
7,10,11,0,1,3,1,Publicidad,A
12,11,12,1,1,2,7,Publicidad,A
8,9,14,3,3,5,3,Publicidad,A
8,12,9,2,5,3,4,Publicidad,A
8,12,12,6,1,1,4,Publicidad,A
9,4,13,2,0,2,4,Publicidad,A
7,8,8,0,2,4,4,Publicidad,A
9,9,11,3,0,1,5,Publicidad,A
8,12,12,5,6,2,8,Publicidad,A
11,11,11,3,1,5,5,Publicidad,A
9,3,13,4,0,2,1,Publicidad,A
7,10,12,0,1,5,0,Publicidad,A
11,8,14,5,3,4,5,Publicidad,A
8,6,14,5,3,6,6,Publicidad,A
8,7,12,3,6,4,1,Publicidad,A
11,6,11,3,4,3,6,Publicidad,A
11,5,10,1,3,0,4,Publicidad,A
10,5,10,4,7,7,5,Publicidad,A
8,7,13,1,5,2,5,Publicidad,A
9,10,12,4,5,2,7,Publicidad,A
11,9,11,2,5,4,3,Publicidad,A
8,10,14,3,4,0,5,Publicidad,A
7,9,13,2,4,3,4,Publicidad,A
8,9,11,7,11,6,4,Publicidad,A
13,6,12,6,6,0,3,Publicidad,A
7,9,9,6,1,4,3,Publicidad,A
8,8,13,4,3,4,3,Publicidad,A
8,7,7,0,5,2,1,Publicidad,A
7,11,13,3,7,2,6,Publicidad,A
8,9,12,3,5,6,4,Publicidad,A
11,9,12,3,6,5,4,Publicidad,A
13,9,12,1,3,2,3,Publicidad,A
8,7,9,2,5,2,4,Publicidad,A
3,9,9,0,3,0,3,Publicidad,A
12,9,10,1,2,2,2,Publicidad,A
12,12,11,3,6,4,5,Publicidad,A
12,7,11,4,4,6,1,Publicidad,A
5,9,12,4,0,0,0,Publicidad,A
7,7,14,5,5,4,4,Publicidad,A
4,9,10,4,6,1,2,Publicidad,A
4,8,4,12,6,6,8,Medicina Humana,S
1,5,6,13,6,3,5,Medicina Humana,S
7,9,4,14,4,6,14,Medicina Humana,S
2,10,2,14,8,5,11,Medicina Humana,S
7,12,5,14,8,7,12,Medicina Humana,S
1,7,3,10,5,1,9,Medicina Humana,S
3,5,3,9,2,6,6,Medicina Humana,S
2,5,6,14,5,7,13,Medicina Humana,S
2,3,1,12,3,2,10,Medicina Humana,S
3,6,6,14,4,5,9,Medicina Humana,S
8,9,4,12,7,3,11,Medicina Humana,S
2,3,5,11,3,4,8,Medicina Humana,S
3,8,2,14,5,5,8,Medicina Humana,S
3,7,3,14,4,1,11,Medicina Humana,S
4,8,3,12,7,4,9,Medicina Humana,S
4,6,2,11,5,3,10,Medicina Humana,S
1,6,1,12,3,4,13,Medicina Humana,S
3,9,1,12,1,1,8,Medicina Humana,S
8,5,4,13,1,5,7,Medicina Humana,S
2,8,3,13,5,2,11,Medicina Humana,S
9,3,3,10,2,2,11,Medicina Humana,S
1,9,5,12,5,4,7,Medicina Humana,S
2,4,3,14,4,6,8,Medicina Humana,S
8,8,6,14,3,2,13,Medicina Humana,S
9,9,8,14,8,9,10,Medicina Humana,S
5,11,4,13,5,1,9,Medicina Humana,S
0,5,7,10,2,3,12,Medicina Humana,S
4,3,1,12,5,1,6,Medicina Humana,S
1,4,4,10,2,3,13,Medicina Humana,S
1,3,1,11,2,4,7,Medicina Humana,S
5,3,5,14,2,7,10,Medicina Humana,S
5,9,9,12,5,5,11,Medicina Humana,S
4,5,3,11,6,6,12,Medicina Humana,S
1,10,7,13,2,1,6,Medicina Humana,S
2,6,3,12,5,7,7,Medicina Humana,S
2,7,6,11,2,3,7,Medicina Humana,S
3,3,3,13,1,1,8,Medicina Humana,S
0,5,4,13,8,3,7,Medicina Humana,S
3,8,4,9,3,3,6,Medicina Humana,S
5,10,5,11,4,4,12,Medicina Humana,S
3,4,0,7,1,3,2,Medicina Humana,S
5,6,2,10,10,3,9,Medicina Humana,S
7,4,3,10,10,3,3,Medicina Humana,S
1,10,2,10,1,3,10,Medicina Humana,S
0,4,2,14,4,4,4,Medicina Humana,S
2,7,3,11,2,4,3,Medicina Humana,S
7,10,5,10,10,5,11,Medicina Humana,S
5,6,1,12,4,5,9,Medicina Humana,S
2,8,9,10,2,5,4,Medicina Humana,S
1,11,2,11,7,6,7,Medicina Humana,S
2,6,4,14,2,3,5,Enfermería,S
5,12,1,10,3,2,5,Enfermería,S
2,12,2,10,3,4,3,Enfermería,S
6,9,1,12,1,6,2,Enfermería,S
2,6,6,7,5,4,5,Enfermería,S
8,10,4,14,9,7,11,Enfermería,S
3,12,0,14,6,1,6,Enfermería,S
3,9,4,10,7,7,5,Enfermería,S
2,9,2,9,1,2,5,Enfermería,S
6,11,4,14,7,7,4,Enfermería,S
1,10,3,11,1,7,2,Enfermería,S
5,7,6,12,0,2,2,Enfermería,S
4,8,6,12,5,3,7,Enfermería,S
0,6,1,12,4,2,4,Enfermería,S
1,8,2,12,3,4,1,Enfermería,S
9,11,4,12,5,7,5,Enfermería,S
0,10,2,13,4,5,5,Enfermería,S
2,8,2,9,2,4,1,Enfermería,S
0,6,2,13,5,3,2,Enfermería,S
3,10,0,14,2,0,4,Enfermería,S
1,5,1,12,2,3,4,Enfermería,S
8,9,4,12,4,5,1,Enfermería,S
5,7,6,11,1,4,4,Enfermería,S
3,10,4,10,7,0,0,Enfermería,S
4,13,6,11,7,4,2,Enfermería,S
6,9,6,12,6,6,0,Enfermería,S
1,10,2,11,2,5,1,Enfermería,S
6,11,5,14,6,1,2,Enfermería,S
5,12,4,12,2,4,1,Enfermería,S
3,12,3,12,4,3,3,Enfermería,S
1,10,2,14,3,3,3,Enfermería,S
4,5,4,12,1,2,4,Enfermería,S
3,6,3,13,3,3,3,Enfermería,S
1,10,5,11,4,5,3,Enfermería,S
0,11,3,14,4,4,4,Enfermería,S
8,7,2,9,6,2,1,Enfermería,S
9,12,4,14,5,6,5,Enfermería,S
5,6,5,12,5,6,2,Enfermería,S
1,12,1,14,9,4,4,Enfermería,S
6,8,3,11,1,3,1,Enfermería,S
3,6,2,11,3,4,6,Enfermería,S
1,8,1,14,3,3,6,Enfermería,S
3,11,3,14,5,6,0,Enfermería,S
5,6,6,14,4,1,5,Enfermería,S
3,9,5,14,3,2,7,Enfermería,S
6,9,4,14,5,1,1,Enfermería,S
4,12,2,11,8,8,5,Enfermería,S
3,9,1,13,1,3,4,Enfermería,S
4,9,3,12,2,2,0,Enfermería,S
6,7,3,13,7,2,3,Enfermería,S
2,8,2,10,8,2,8,Obstetricia,S
10,6,3,12,1,3,11,Obstetricia,S
1,8,6,14,2,5,8,Obstetricia,S
3,11,4,9,1,4,9,Obstetricia,S
1,7,2,11,8,6,3,Obstetricia,S
2,8,4,10,4,6,1,Obstetricia,S
0,11,3,9,2,2,5,Obstetricia,S
3,5,8,13,4,6,11,Obstetricia,S
1,8,4,12,5,2,7,Obstetricia,S
3,9,6,14,6,3,7,Obstetricia,S
1,3,2,11,1,0,6,Obstetricia,S
5,9,3,9,0,9,4,Obstetricia,S
6,9,3,14,3,9,9,Obstetricia,S
1,5,4,12,3,1,3,Obstetricia,S
3,13,0,14,2,2,4,Obstetricia,S
8,10,5,12,1,0,6,Obstetricia,S
3,4,4,11,2,3,9,Obstetricia,S
3,9,4,11,5,2,5,Obstetricia,S
3,11,6,11,2,3,8,Obstetricia,S
2,9,1,14,5,7,9,Obstetricia,S
0,6,7,12,3,2,8,Obstetricia,S
4,9,5,11,5,2,6,Obstetricia,S
0,6,0,12,0,0,5,Obstetricia,S
1,7,0,11,2,2,4,Obstetricia,S
4,11,3,12,5,1,10,Obstetricia,S
2,10,2,12,4,2,7,Obstetricia,S
8,12,2,13,4,5,3,Obstetricia,S
3,7,6,13,4,0,6,Obstetricia,S
1,11,7,11,6,5,10,Obstetricia,S
3,7,5,12,4,5,7,Obstetricia,S
3,9,3,11,2,0,4,Obstetricia,S
5,8,3,13,2,2,1,Obstetricia,S
4,9,2,13,1,2,6,Obstetricia,S
3,13,4,14,7,7,6,Obstetricia,S
4,8,3,14,3,5,5,Obstetricia,S
4,7,5,14,1,3,4,Obstetricia,S
2,9,3,13,3,1,4,Obstetricia,S
2,8,1,14,2,3,4,Obstetricia,S
0,6,0,12,2,6,5,Obstetricia,S
5,13,5,14,8,4,9,Obstetricia,S
1,4,4,14,1,1,2,Obstetricia,S
1,7,1,8,0,5,3,Obstetricia,S
9,14,3,14,4,8,7,Obstetricia,S
6,11,0,14,9,6,8,Obstetricia,S
2,9,3,12,1,2,6,Obstetricia,S
6,13,9,12,5,9,7,Obstetricia,S
2,7,5,13,2,5,5,Obstetricia,S
1,10,4,7,2,4,10,Obstetricia,S
2,13,1,13,7,3,14,Obstetricia,S
3,12,4,13,8,6,7,Obstetricia,S
4,1,7,8,4,1,6,Odontología,S
4,3,8,10,0,4,6,Odontología,S
4,1,6,11,1,1,6,Odontología,S
3,5,7,11,6,7,6,Odontología,S
4,3,6,14,3,4,5,Odontología,S
4,2,4,13,1,6,9,Odontología,S
0,2,4,9,6,2,7,Odontología,S
5,2,10,11,1,7,9,Odontología,S
1,0,10,10,6,2,5,Odontología,S
6,2,3,11,3,0,4,Odontología,S
3,6,8,11,4,5,3,Odontología,S
4,5,7,14,2,5,7,Odontología,S
3,8,5,14,4,1,9,Odontología,S
1,4,1,12,0,5,10,Odontología,S
6,7,6,13,6,7,9,Odontología,S
5,8,11,13,6,7,5,Odontología,S
7,5,7,14,2,4,11,Odontología,S
3,2,5,10,3,1,2,Odontología,S
2,4,5,14,2,7,7,Odontología,S
4,4,6,14,1,3,8,Odontología,S
5,1,7,12,3,7,8,Odontología,S
2,2,4,9,4,5,5,Odontología,S
3,3,8,14,2,4,6,Odontología,S
1,0,4,8,0,0,2,Odontología,S
1,3,8,11,2,0,4,Odontología,S
5,3,10,10,3,6,5,Odontología,S
3,3,6,6,2,3,7,Odontología,S
3,7,3,13,4,6,9,Odontología,S
3,1,7,12,0,4,10,Odontología,S
2,6,5,12,3,0,1,Odontología,S
3,3,7,13,4,4,4,Odontología,S
3,5,8,12,3,4,9,Odontología,S
7,6,9,14,2,1,8,Odontología,S
6,0,6,12,3,4,6,Odontología,S
5,4,6,12,3,1,11,Odontología,S
5,4,7,12,4,2,2,Odontología,S
4,5,6,12,6,5,8,Odontología,S
4,7,2,13,4,5,6,Odontología,S
0,0,4,14,1,2,5,Odontología,S
1,1,8,13,3,4,3,Odontología,S
9,5,11,12,6,4,8,Odontología,S
2,2,7,9,5,4,6,Odontología,S
6,1,7,12,1,5,8,Odontología,S
4,9,11,12,5,6,9,Odontología,S
5,4,6,13,3,3,9,Odontología,S
2,3,7,9,1,8,6,Odontología,S
8,1,3,14,0,3,2,Odontología,S
1,1,4,8,4,4,9,Odontología,S
5,6,5,13,2,2,8,Odontología,S
5,6,11,10,3,5,7,Odontología,S
1,4,2,14,4,3,10,Tecnología Médica,S
1,4,3,12,8,6,7,Tecnología Médica,S
3,5,4,14,8,6,7,Tecnología Médica,S
1,0,0,11,5,0,8,Tecnología Médica,S
3,1,0,10,3,0,5,Tecnología Médica,S
9,5,5,14,10,4,11,Tecnología Médica,S
3,1,2,13,12,3,10,Tecnología Médica,S
4,6,5,12,5,4,10,Tecnología Médica,S
7,3,7,14,3,5,10,Tecnología Médica,S
0,1,9,14,10,6,10,Tecnología Médica,S
4,8,3,12,2,1,11,Tecnología Médica,S
3,4,7,12,9,8,14,Tecnología Médica,S
0,4,4,11,8,2,7,Tecnología Médica,S
1,7,4,11,5,1,8,Tecnología Médica,S
2,4,8,12,6,8,10,Tecnología Médica,S
0,5,3,13,5,3,10,Tecnología Médica,S
5,0,6,13,7,3,8,Tecnología Médica,S
1,1,0,14,5,4,8,Tecnología Médica,S
7,10,3,12,6,3,10,Tecnología Médica,S
4,0,1,12,1,0,5,Tecnología Médica,S
2,4,2,12,4,0,8,Tecnología Médica,S
5,3,4,11,5,1,10,Tecnología Médica,S
0,1,6,14,10,4,11,Tecnología Médica,S
5,6,2,11,8,8,9,Tecnología Médica,S
3,2,7,14,5,0,11,Tecnología Médica,S
1,0,2,11,9,2,9,Tecnología Médica,S
1,4,4,13,3,3,10,Tecnología Médica,S
6,5,3,14,10,5,12,Tecnología Médica,S
1,3,2,14,9,3,9,Tecnología Médica,S
3,3,4,9,10,2,13,Tecnología Médica,S
7,9,3,9,2,3,5,Tecnología Médica,S
8,6,3,14,10,4,11,Tecnología Médica,S
1,4,1,8,6,5,11,Tecnología Médica,S
2,6,7,13,6,7,7,Tecnología Médica,S
3,2,1,9,5,2,10,Tecnología Médica,S
0,1,6,11,6,0,7,Tecnología Médica,S
2,5,4,7,4,2,9,Tecnología Médica,S
6,5,4,14,9,9,12,Tecnología Médica,S
4,2,5,12,9,4,7,Tecnología Médica,S
3,2,5,14,5,6,7,Tecnología Médica,S
10,8,8,14,8,6,8,Tecnología Médica,S
2,1,6,14,3,7,8,Tecnología Médica,S
4,0,10,13,7,3,12,Tecnología Médica,S
2,6,5,14,8,11,11,Tecnología Médica,S
4,8,7,14,9,6,9,Tecnología Médica,S
1,3,6,8,10,4,9,Tecnología Médica,S
9,8,6,14,9,4,13,Tecnología Médica,S
5,5,0,11,9,6,11,Tecnología Médica,S
0,0,7,12,8,3,8,Tecnología Médica,S
0,3,0,8,3,4,8,Tecnología Médica,S
1,7,6,10,1,2,12,Nutrición y Dietética,S
3,5,2,8,4,6,8,Nutrición y Dietética,S
6,8,4,14,5,9,10,Nutrición y Dietética,S
5,5,8,11,3,2,9,Nutrición y Dietética,S
5,9,2,13,3,6,10,Nutrición y Dietética,S
4,12,3,13,7,3,10,Nutrición y Dietética,S
5,11,4,14,3,2,10,Nutrición y Dietética,S
2,6,2,14,2,4,10,Nutrición y Dietética,S
6,7,1,13,1,2,6,Nutrición y Dietética,S
0,4,4,13,6,1,14,Nutrición y Dietética,S
7,7,9,14,5,3,9,Nutrición y Dietética,S
1,5,4,9,4,5,6,Nutrición y Dietética,S
2,5,3,13,3,6,6,Nutrición y Dietética,S
7,8,5,12,7,5,9,Nutrición y Dietética,S
1,7,4,14,2,3,10,Nutrición y Dietética,S
5,4,1,9,5,3,6,Nutrición y Dietética,S
1,6,2,13,5,3,9,Nutrición y Dietética,S
4,5,6,14,2,3,10,Nutrición y Dietética,S
9,10,5,13,7,5,13,Nutrición y Dietética,S
5,3,6,12,3,4,8,Nutrición y Dietética,S
4,7,0,10,1,3,8,Nutrición y Dietética,S
3,10,7,14,2,6,13,Nutrición y Dietética,S
1,4,2,14,5,2,5,Nutrición y Dietética,S
5,7,7,12,1,4,10,Nutrición y Dietética,S
6,8,2,13,5,2,8,Nutrición y Dietética,S
2,10,5,13,4,6,9,Nutrición y Dietética,S
6,8,4,12,3,6,11,Nutrición y Dietética,S
2,2,2,9,4,0,9,Nutrición y Dietética,S
2,7,7,14,0,2,11,Nutrición y Dietética,S
2,4,1,9,4,3,8,Nutrición y Dietética,S
1,5,1,12,2,3,7,Nutrición y Dietética,S
4,7,0,10,2,1,6,Nutrición y Dietética,S
5,1,4,14,4,6,8,Nutrición y Dietética,S
5,9,4,14,4,1,10,Nutrición y Dietética,S
2,4,4,12,4,2,3,Nutrición y Dietética,S
0,3,3,14,5,2,9,Nutrición y Dietética,S
4,12,5,12,4,3,11,Nutrición y Dietética,S
0,3,2,8,2,2,9,Nutrición y Dietética,S
1,5,3,11,3,2,11,Nutrición y Dietética,S
4,9,5,13,6,7,10,Nutrición y Dietética,S
1,6,0,5,3,0,5,Nutrición y Dietética,S
5,8,6,12,6,4,11,Nutrición y Dietética,S
6,7,2,14,3,3,11,Nutrición y Dietética,S
5,8,6,12,5,5,10,Nutrición y Dietética,S
6,6,8,14,5,2,12,Nutrición y Dietética,S
7,2,3,13,3,4,12,Nutrición y Dietética,S
4,4,2,14,3,5,11,Nutrición y Dietética,S
3,5,4,12,3,3,11,Nutrición y Dietética,S
4,4,7,12,0,4,9,Nutrición y Dietética,S
6,9,4,13,6,4,12,Nutrición y Dietética,S
5,8,1,10,2,6,1,Terapia Física y Rehabilitación,S
1,9,4,11,1,9,1,Terapia Física y Rehabilitación,S
1,10,2,11,1,3,1,Terapia Física y Rehabilitación,S
1,8,0,12,0,2,2,Terapia Física y Rehabilitación,S
4,8,2,14,3,9,6,Terapia Física y Rehabilitación,S
2,9,2,12,4,3,1,Terapia Física y Rehabilitación,S
5,7,3,12,5,7,5,Terapia Física y Rehabilitación,S
2,9,6,14,4,6,2,Terapia Física y Rehabilitación,S
1,11,5,10,4,9,3,Terapia Física y Rehabilitación,S
3,12,2,10,2,9,1,Terapia Física y Rehabilitación,S
5,9,5,13,7,8,5,Terapia Física y Rehabilitación,S
0,10,3,13,1,4,2,Terapia Física y Rehabilitación,S
1,11,1,14,6,6,6,Terapia Física y Rehabilitación,S
4,8,9,12,5,5,2,Terapia Física y Rehabilitación,S
0,10,3,10,0,6,0,Terapia Física y Rehabilitación,S
3,8,7,12,5,7,1,Terapia Física y Rehabilitación,S
3,9,4,14,3,7,1,Terapia Física y Rehabilitación,S
5,11,9,13,6,8,4,Terapia Física y Rehabilitación,S
4,8,4,12,1,7,3,Terapia Física y Rehabilitación,S
4,10,1,11,3,4,4,Terapia Física y Rehabilitación,S
3,8,2,12,3,7,6,Terapia Física y Rehabilitación,S
1,8,5,13,1,5,7,Terapia Física y Rehabilitación,S
1,10,1,12,6,10,4,Terapia Física y Rehabilitación,S
3,9,3,14,7,7,1,Terapia Física y Rehabilitación,S
1,5,2,14,0,3,0,Terapia Física y Rehabilitación,S
7,10,5,12,4,10,6,Terapia Física y Rehabilitación,S
6,11,9,14,7,4,6,Terapia Física y Rehabilitación,S
1,9,4,11,2,3,1,Terapia Física y Rehabilitación,S
2,9,0,10,2,5,4,Terapia Física y Rehabilitación,S
4,8,3,14,0,8,6,Terapia Física y Rehabilitación,S
1,6,1,11,3,8,0,Terapia Física y Rehabilitación,S
2,9,4,11,3,4,1,Terapia Física y Rehabilitación,S
1,6,1,12,1,8,1,Terapia Física y Rehabilitación,S
2,7,3,12,4,6,7,Terapia Física y Rehabilitación,S
3,9,1,11,5,2,4,Terapia Física y Rehabilitación,S
2,8,8,13,8,8,7,Terapia Física y Rehabilitación,S
1,8,8,14,4,3,3,Terapia Física y Rehabilitación,S
2,7,2,10,1,3,2,Terapia Física y Rehabilitación,S
7,9,5,14,5,9,5,Terapia Física y Rehabilitación,S
5,12,4,12,1,4,2,Terapia Física y Rehabilitación,S
5,13,4,14,2,11,7,Terapia Física y Rehabilitación,S
1,3,4,12,3,1,3,Terapia Física y Rehabilitación,S
2,10,7,14,9,11,3,Terapia Física y Rehabilitación,S
3,9,7,11,1,8,5,Terapia Física y Rehabilitación,S
1,12,1,11,1,7,4,Terapia Física y Rehabilitación,S
5,12,2,12,1,3,3,Terapia Física y Rehabilitación,S
1,8,5,11,1,2,1,Terapia Física y Rehabilitación,S
1,12,5,14,4,11,2,Terapia Física y Rehabilitación,S
0,3,1,11,7,8,7,Terapia Física y Rehabilitación,S
1,11,3,14,9,10,8,Terapia Física y Rehabilitación,S
11,4,2,6,11,5,7,Ingeniería de Sistemas,I
8,2,3,4,11,4,6,Ingeniería de Sistemas,I
9,1,7,7,13,5,6,Ingeniería de Sistemas,I
9,6,0,0,8,2,3,Ingeniería de Sistemas,I
7,3,2,0,12,0,6,Ingeniería de Sistemas,I
8,3,5,2,12,5,6,Ingeniería de Sistemas,I
13,5,4,3,13,6,10,Ingeniería de Sistemas,I
10,4,4,6,12,4,6,Ingeniería de Sistemas,I
11,4,4,5,14,10,7,Ingeniería de Sistemas,I
11,4,5,2,10,7,4,Ingeniería de Sistemas,I
10,4,4,6,9,0,5,Ingeniería de Sistemas,I
6,2,4,2,14,0,6,Ingeniería de Sistemas,I
14,5,6,0,14,7,7,Ingeniería de Sistemas,I
7,6,1,4,14,4,7,Ingeniería de Sistemas,I
13,1,2,1,13,4,7,Ingeniería de Sistemas,I
9,2,7,3,12,3,6,Ingeniería de Sistemas,I
11,5,3,3,14,3,5,Ingeniería de Sistemas,I
2,0,1,0,13,1,6,Ingeniería de Sistemas,I
10,5,7,0,13,6,9,Ingeniería de Sistemas,I
10,1,2,5,12,4,10,Ingeniería de Sistemas,I
10,3,4,4,14,0,11,Ingeniería de Sistemas,I
8,1,5,1,11,4,8,Ingeniería de Sistemas,I
12,6,6,6,11,4,7,Ingeniería de Sistemas,I
9,2,5,5,13,5,6,Ingeniería de Sistemas,I
11,8,3,3,12,6,8,Ingeniería de Sistemas,I
6,5,0,2,12,2,3,Ingeniería de Sistemas,I
9,3,5,6,9,1,7,Ingeniería de Sistemas,I
8,5,5,5,11,1,7,Ingeniería de Sistemas,I
9,1,2,1,8,2,5,Ingeniería de Sistemas,I
7,0,1,5,13,0,6,Ingeniería de Sistemas,I
11,9,6,3,12,8,6,Ingeniería de Sistemas,I
7,3,2,3,13,4,6,Ingeniería de Sistemas,I
7,4,0,3,9,4,7,Ingeniería de Sistemas,I
10,7,6,5,11,5,0,Ingeniería de Sistemas,I
10,3,4,4,12,8,6,Ingeniería de Sistemas,I
9,4,4,6,12,3,8,Ingeniería de Sistemas,I
9,0,1,6,13,2,8,Ingeniería de Sistemas,I
7,5,5,3,11,2,6,Ingeniería de Sistemas,I
12,5,4,4,14,5,3,Ingeniería de Sistemas,I
8,7,0,4,12,7,3,Ingeniería de Sistemas,I
10,5,2,5,13,3,8,Ingeniería de Sistemas,I
13,2,5,2,13,2,9,Ingeniería de Sistemas,I
5,3,1,3,12,3,9,Ingeniería de Sistemas,I
7,4,2,7,12,2,10,Ingeniería de Sistemas,I
9,4,2,3,14,6,6,Ingeniería de Sistemas,I
8,4,7,5,13,2,5,Ingeniería de Sistemas,I
6,6,1,1,9,2,7,Ingeniería de Sistemas,I
8,0,1,3,14,3,9,Ingeniería de Sistemas,I
10,0,2,5,13,0,4,Ingeniería de Sistemas,I
8,4,7,8,14,7,5,Ingeniería de Sistemas,I
10,6,5,4,11,7,9,Ingeniería Civil,I
9,2,1,3,9,6,7,Ingeniería Civil,I
8,4,3,1,9,2,8,Ingeniería Civil,I
7,0,4,3,10,1,6,Ingeniería Civil,I
11,1,5,5,14,1,10,Ingeniería Civil,I
10,6,7,2,12,5,9,Ingeniería Civil,I
8,3,9,1,10,6,8,Ingeniería Civil,I
8,1,5,4,12,3,12,Ingeniería Civil,I
4,0,5,6,7,4,6,Ingeniería Civil,I
3,4,5,10,14,6,11,Ingeniería Civil,I
4,2,1,2,9,3,5,Ingeniería Civil,I
2,1,0,2,11,5,8,Ingeniería Civil,I
10,4,1,5,12,5,11,Ingeniería Civil,I
6,7,0,3,12,1,5,Ingeniería Civil,I
4,3,1,3,12,3,12,Ingeniería Civil,I
4,0,2,5,9,3,6,Ingeniería Civil,I
3,2,10,4,12,1,6,Ingeniería Civil,I
10,1,8,2,13,5,14,Ingeniería Civil,I
8,3,5,1,11,2,8,Ingeniería Civil,I
10,7,3,6,11,3,7,Ingeniería Civil,I
6,1,0,0,10,1,4,Ingeniería Civil,I
7,3,1,1,11,0,10,Ingeniería Civil,I
11,4,4,3,14,7,9,Ingeniería Civil,I
7,3,1,5,11,3,11,Ingeniería Civil,I
7,2,5,5,8,5,10,Ingeniería Civil,I
8,8,6,1,14,3,9,Ingeniería Civil,I
6,1,4,7,14,3,9,Ingeniería Civil,I
5,0,0,0,11,1,8,Ingeniería Civil,I
5,5,3,4,12,1,11,Ingeniería Civil,I
6,4,0,5,11,4,10,Ingeniería Civil,I
7,3,4,4,13,3,11,Ingeniería Civil,I
6,7,7,3,14,9,10,Ingeniería Civil,I
2,3,1,4,10,4,10,Ingeniería Civil,I
8,5,3,3,9,4,13,Ingeniería Civil,I
6,2,0,5,10,3,7,Ingeniería Civil,I
7,6,5,3,12,4,9,Ingeniería Civil,I
8,2,6,3,12,4,11,Ingeniería Civil,I
2,1,1,3,12,2,7,Ingeniería Civil,I
11,2,4,6,13,4,9,Ingeniería Civil,I
6,4,6,5,14,4,11,Ingeniería Civil,I
7,4,3,0,14,7,12,Ingeniería Civil,I
2,3,3,4,8,4,8,Ingeniería Civil,I
6,3,6,5,8,4,13,Ingeniería Civil,I
1,0,1,1,7,4,8,Ingeniería Civil,I
7,3,4,3,12,2,10,Ingeniería Civil,I
9,4,8,3,10,0,3,Ingeniería Civil,I
3,0,4,2,9,2,9,Ingeniería Civil,I
3,1,3,2,14,4,10,Ingeniería Civil,I
3,7,4,3,12,3,5,Ingeniería Civil,I
7,3,6,4,13,1,6,Ingeniería Civil,I
8,4,0,9,12,3,5,Ingeniería Industrial,I
5,1,0,3,14,0,4,Ingeniería Industrial,I
6,5,2,0,11,1,4,Ingeniería Industrial,I
5,4,6,5,14,2,6,Ingeniería Industrial,I
13,8,6,6,13,4,10,Ingeniería Industrial,I
6,0,0,2,11,1,10,Ingeniería Industrial,I
11,1,3,1,13,9,8,Ingeniería Industrial,I
6,4,3,4,11,4,8,Ingeniería Industrial,I
6,4,0,1,8,1,4,Ingeniería Industrial,I
8,5,0,1,13,0,5,Ingeniería Industrial,I
6,1,4,0,10,3,5,Ingeniería Industrial,I
9,7,5,6,11,6,9,Ingeniería Industrial,I
12,8,2,3,10,4,6,Ingeniería Industrial,I
10,3,3,1,10,3,8,Ingeniería Industrial,I
12,5,8,7,14,7,5,Ingeniería Industrial,I
10,1,3,3,8,0,4,Ingeniería Industrial,I
6,1,3,2,8,2,5,Ingeniería Industrial,I
7,3,1,4,5,1,6,Ingeniería Industrial,I
10,6,6,6,13,4,7,Ingeniería Industrial,I
8,2,4,3,8,0,5,Ingeniería Industrial,I
8,3,1,4,13,5,6,Ingeniería Industrial,I
5,4,2,1,9,2,7,Ingeniería Industrial,I
9,3,5,3,14,6,11,Ingeniería Industrial,I
6,2,4,0,11,1,3,Ingeniería Industrial,I
6,9,5,5,14,5,4,Ingeniería Industrial,I
10,3,9,2,8,5,9,Ingeniería Industrial,I
11,2,3,6,12,4,6,Ingeniería Industrial,I
7,0,1,0,5,0,5,Ingeniería Industrial,I
10,2,2,1,10,4,3,Ingeniería Industrial,I
7,4,3,6,14,3,9,Ingeniería Industrial,I
8,5,4,4,11,4,7,Ingeniería Industrial,I
9,5,5,5,13,1,10,Ingeniería Industrial,I
6,3,3,3,11,5,7,Ingeniería Industrial,I
7,5,0,1,12,3,2,Ingeniería Industrial,I
7,2,1,2,9,3,5,Ingeniería Industrial,I
12,5,5,4,9,2,6,Ingeniería Industrial,I
7,1,2,4,13,1,4,Ingeniería Industrial,I
10,2,4,0,10,4,5,Ingeniería Industrial,I
12,4,4,1,14,4,7,Ingeniería Industrial,I
7,2,6,6,14,2,6,Ingeniería Industrial,I
8,2,4,0,14,4,7,Ingeniería Industrial,I
8,1,1,2,10,0,3,Ingeniería Industrial,I
13,4,2,6,13,5,7,Ingeniería Industrial,I
7,6,7,6,11,1,5,Ingeniería Industrial,I
9,1,1,2,11,3,10,Ingeniería Industrial,I
10,6,4,9,13,3,5,Ingeniería Industrial,I
5,3,3,1,9,1,8,Ingeniería Industrial,I
11,3,3,6,12,3,5,Ingeniería Industrial,I
3,2,1,5,12,2,3,Ingeniería Industrial,I
9,7,2,3,12,6,10,Ingeniería Industrial,I
3,7,6,6,14,4,9,Ingeniería Electrónica,I
8,4,2,5,13,3,9,Ingeniería Electrónica,I
7,1,1,5,10,4,8,Ingeniería Electrónica,I
10,3,4,6,13,3,11,Ingeniería Electrónica,I
5,3,4,1,12,3,9,Ingeniería Electrónica,I
5,3,1,2,10,4,7,Ingeniería Electrónica,I
1,6,1,2,10,4,11,Ingeniería Electrónica,I
6,4,5,8,13,5,10,Ingeniería Electrónica,I
4,6,1,3,12,0,5,Ingeniería Electrónica,I
2,3,2,3,12,3,10,Ingeniería Electrónica,I
4,0,5,0,9,2,10,Ingeniería Electrónica,I
1,2,5,3,13,2,12,Ingeniería Electrónica,I
4,2,5,1,12,1,11,Ingeniería Electrónica,I
7,5,5,5,13,1,9,Ingeniería Electrónica,I
3,4,3,3,14,4,8,Ingeniería Electrónica,I
5,3,4,3,12,5,9,Ingeniería Electrónica,I
0,1,2,0,10,0,4,Ingeniería Electrónica,I
4,2,2,3,12,0,10,Ingeniería Electrónica,I
1,3,1,2,13,1,12,Ingeniería Electrónica,I
0,5,3,1,12,1,7,Ingeniería Electrónica,I
0,2,0,1,13,3,5,Ingeniería Electrónica,I
2,0,2,4,12,4,7,Ingeniería Electrónica,I
3,6,5,3,14,1,9,Ingeniería Electrónica,I
6,10,7,5,11,3,9,Ingeniería Electrónica,I
5,2,1,3,9,5,11,Ingeniería Electrónica,I
5,2,2,2,7,1,5,Ingeniería Electrónica,I
3,4,2,0,11,2,9,Ingeniería Electrónica,I
9,1,2,2,14,8,14,Ingeniería Electrónica,I
3,2,8,3,14,6,6,Ingeniería Electrónica,I
1,1,4,2,12,0,7,Ingeniería Electrónica,I
1,0,1,3,10,0,11,Ingeniería Electrónica,I
5,5,4,6,12,4,7,Ingeniería Electrónica,I
5,4,6,1,13,5,9,Ingeniería Electrónica,I
5,4,5,5,14,5,7,Ingeniería Electrónica,I
3,3,7,4,13,1,5,Ingeniería Electrónica,I
3,5,2,2,11,3,5,Ingeniería Electrónica,I
4,4,4,4,13,0,11,Ingeniería Electrónica,I
6,1,5,4,14,3,12,Ingeniería Electrónica,I
0,0,2,1,14,2,11,Ingeniería Electrónica,I
2,4,6,7,14,1,9,Ingeniería Electrónica,I
8,7,4,4,12,6,6,Ingeniería Electrónica,I
5,5,3,5,13,5,8,Ingeniería Electrónica,I
3,6,9,7,14,1,12,Ingeniería Electrónica,I
7,3,0,6,14,7,8,Ingeniería Electrónica,I
6,2,5,10,14,4,11,Ingeniería Electrónica,I
4,6,3,1,12,4,4,Ingeniería Electrónica,I
8,2,11,7,12,6,11,Ingeniería Electrónica,I
1,9,4,2,13,5,9,Ingeniería Electrónica,I
1,3,1,5,10,4,3,Ingeniería Electrónica,I
2,2,5,2,10,4,8,Ingeniería Electrónica,I
6,5,4,2,8,0,3,Ciencias de la Computación,I
9,4,0,7,12,2,7,Ciencias de la Computación,I
3,7,9,5,12,2,9,Ciencias de la Computación,I
5,5,3,3,10,3,11,Ciencias de la Computación,I
6,4,3,3,11,4,10,Ciencias de la Computación,I
9,3,7,7,12,3,13,Ciencias de la Computación,I
6,7,5,0,13,4,9,Ciencias de la Computación,I
5,7,2,2,9,4,10,Ciencias de la Computación,I
11,4,5,6,12,3,13,Ciencias de la Computación,I
6,5,1,5,14,3,8,Ciencias de la Computación,I
5,3,0,2,13,2,10,Ciencias de la Computación,I
5,7,4,7,12,3,10,Ciencias de la Computación,I
8,4,3,3,6,3,3,Ciencias de la Computación,I
5,4,7,3,14,5,8,Ciencias de la Computación,I
9,8,3,7,11,1,13,Ciencias de la Computación,I
9,3,4,0,12,2,5,Ciencias de la Computación,I
7,3,1,2,13,5,11,Ciencias de la Computación,I
10,8,10,6,14,3,10,Ciencias de la Computación,I
9,4,3,3,8,5,7,Ciencias de la Computación,I
8,1,7,8,9,5,7,Ciencias de la Computación,I
3,4,2,1,9,1,8,Ciencias de la Computación,I
7,2,4,4,13,1,9,Ciencias de la Computación,I
2,1,1,1,14,1,5,Ciencias de la Computación,I
9,0,6,1,10,1,7,Ciencias de la Computación,I
4,4,5,7,14,3,9,Ciencias de la Computación,I
5,2,4,1,12,2,6,Ciencias de la Computación,I
5,3,5,3,14,1,8,Ciencias de la Computación,I
3,4,4,4,11,1,6,Ciencias de la Computación,I
7,2,3,3,12,1,5,Ciencias de la Computación,I
2,4,3,5,13,5,13,Ciencias de la Computación,I
7,1,1,3,11,7,7,Ciencias de la Computación,I
10,0,5,7,14,5,9,Ciencias de la Computación,I
7,3,5,4,13,3,9,Ciencias de la Computación,I
10,4,3,4,14,3,12,Ciencias de la Computación,I
4,5,2,3,8,4,7,Ciencias de la Computación,I
5,7,1,5,11,6,9,Ciencias de la Computación,I
7,4,3,1,11,2,7,Ciencias de la Computación,I
5,4,1,1,13,1,6,Ciencias de la Computación,I
7,6,3,1,14,3,8,Ciencias de la Computación,I
5,0,1,5,11,3,7,Ciencias de la Computación,I
4,5,5,1,11,7,10,Ciencias de la Computación,I
3,1,2,3,12,1,7,Ciencias de la Computación,I
9,6,1,4,12,3,13,Ciencias de la Computación,I
7,2,6,5,14,2,10,Ciencias de la Computación,I
6,6,2,4,12,1,8,Ciencias de la Computación,I
5,5,4,3,9,7,3,Ciencias de la Computación,I
4,3,1,4,11,3,7,Ciencias de la Computación,I
7,2,2,1,13,2,10,Ciencias de la Computación,I
2,7,2,3,10,4,7,Ciencias de la Computación,I
11,5,2,2,13,5,10,Ciencias de la Computación,I
3,2,1,1,14,7,8,Ingeniería Mecatrónica,I
7,5,7,5,14,8,10,Ingeniería Mecatrónica,I
3,6,3,5,12,7,6,Ingeniería Mecatrónica,I
3,5,5,2,11,6,7,Ingeniería Mecatrónica,I
7,6,4,3,12,7,9,Ingeniería Mecatrónica,I
5,2,3,5,11,8,5,Ingeniería Mecatrónica,I
3,4,3,2,11,9,8,Ingeniería Mecatrónica,I
3,7,5,1,14,6,9,Ingeniería Mecatrónica,I
6,5,3,3,14,4,7,Ingeniería Mecatrónica,I
2,5,0,2,14,2,7,Ingeniería Mecatrónica,I
1,5,3,0,13,7,7,Ingeniería Mecatrónica,I
3,8,6,5,14,7,8,Ingeniería Mecatrónica,I
4,6,3,8,13,9,9,Ingeniería Mecatrónica,I
2,4,3,3,11,7,10,Ingeniería Mecatrónica,I
5,7,4,2,12,8,10,Ingeniería Mecatrónica,I
1,3,4,2,13,3,10,Ingeniería Mecatrónica,I
1,9,8,2,14,4,11,Ingeniería Mecatrónica,I
6,4,2,2,13,8,7,Ingeniería Mecatrónica,I
3,4,0,4,11,4,6,Ingeniería Mecatrónica,I
2,3,7,7,9,8,14,Ingeniería Mecatrónica,I
7,2,2,3,8,6,8,Ingeniería Mecatrónica,I
6,5,7,4,11,9,10,Ingeniería Mecatrónica,I
5,8,3,5,14,6,10,Ingeniería Mecatrónica,I
2,6,7,5,14,8,12,Ingeniería Mecatrónica,I
3,3,3,4,12,2,8,Ingeniería Mecatrónica,I
0,2,1,8,14,10,9,Ingeniería Mecatrónica,I
5,7,7,9,14,6,7,Ingeniería Mecatrónica,I
3,5,0,2,9,3,6,Ingeniería Mecatrónica,I
6,3,7,5,13,8,10,Ingeniería Mecatrónica,I
4,7,3,6,13,10,13,Ingeniería Mecatrónica,I
3,7,7,4,12,6,11,Ingeniería Mecatrónica,I
3,1,8,3,13,5,9,Ingeniería Mecatrónica,I
4,3,7,3,12,7,7,Ingeniería Mecatrónica,I
1,6,2,5,11,6,12,Ingeniería Mecatrónica,I
4,3,6,4,12,4,6,Ingeniería Mecatrónica,I
2,0,2,1,12,7,8,Ingeniería Mecatrónica,I
3,0,4,2,11,11,11,Ingeniería Mecatrónica,I
7,7,10,5,13,8,14,Ingeniería Mecatrónica,I
3,3,3,6,12,9,13,Ingeniería Mecatrónica,I
5,3,4,3,13,2,12,Ingeniería Mecatrónica,I
2,8,0,3,9,5,10,Ingeniería Mecatrónica,I
6,6,3,0,11,4,11,Ingeniería Mecatrónica,I
0,5,5,2,13,6,7,Ingeniería Mecatrónica,I
0,4,2,0,13,3,9,Ingeniería Mecatrónica,I
4,1,3,1,13,6,10,Ingeniería Mecatrónica,I
3,2,2,7,14,10,6,Ingeniería Mecatrónica,I
5,5,6,3,14,5,8,Ingeniería Mecatrónica,I
4,4,1,7,11,8,7,Ingeniería Mecatrónica,I
7,5,1,3,11,8,3,Ingeniería Mecatrónica,I
5,0,7,1,12,5,12,Ingeniería Mecatrónica,I
11,5,5,7,14,8,12,Ciencia de Datos,I
8,5,1,4,12,2,8,Ciencia de Datos,I
12,0,4,0,14,8,9,Ciencia de Datos,I
9,3,2,5,12,1,8,Ciencia de Datos,I
12,5,4,11,13,3,9,Ciencia de Datos,I
11,6,1,9,9,2,5,Ciencia de Datos,I
9,7,3,5,12,1,9,Ciencia de Datos,I
14,10,5,4,14,6,13,Ciencia de Datos,I
7,4,5,3,11,1,7,Ciencia de Datos,I
5,4,1,2,14,1,8,Ciencia de Datos,I
13,4,6,6,14,4,11,Ciencia de Datos,I
6,0,6,5,12,0,7,Ciencia de Datos,I
10,2,4,5,12,6,8,Ciencia de Datos,I
10,2,3,1,13,1,9,Ciencia de Datos,I
7,6,2,1,14,4,10,Ciencia de Datos,I
11,5,3,3,13,5,9,Ciencia de Datos,I
11,10,7,7,14,7,11,Ciencia de Datos,I
7,0,1,3,10,1,7,Ciencia de Datos,I
5,1,5,5,13,2,11,Ciencia de Datos,I
9,3,1,5,13,5,7,Ciencia de Datos,I
9,2,0,3,9,7,6,Ciencia de Datos,I
13,2,3,3,14,6,7,Ciencia de Datos,I
5,1,3,1,11,0,12,Ciencia de Datos,I
9,3,2,2,12,5,4,Ciencia de Datos,I
7,2,0,3,13,6,7,Ciencia de Datos,I
7,2,2,5,10,6,8,Ciencia de Datos,I
8,1,5,2,14,3,7,Ciencia de Datos,I
12,7,4,2,10,4,7,Ciencia de Datos,I
7,6,2,4,11,3,5,Ciencia de Datos,I
7,6,4,3,11,4,11,Ciencia de Datos,I
10,0,2,5,12,2,11,Ciencia de Datos,I
10,3,3,4,9,7,8,Ciencia de Datos,I
3,4,2,3,10,1,7,Ciencia de Datos,I
13,4,1,4,14,4,12,Ciencia de Datos,I
10,10,6,8,13,4,10,Ciencia de Datos,I
6,6,8,3,13,2,8,Ciencia de Datos,I
12,3,0,6,9,2,6,Ciencia de Datos,I
8,9,6,9,14,8,7,Ciencia de Datos,I
7,8,0,8,5,3,10,Ciencia de Datos,I
11,5,4,0,13,0,6,Ciencia de Datos,I
10,7,2,4,14,6,8,Ciencia de Datos,I
10,4,6,7,14,3,8,Ciencia de Datos,I
6,4,4,5,8,1,11,Ciencia de Datos,I
9,5,2,1,10,1,7,Ciencia de Datos,I
14,3,2,7,12,8,10,Ciencia de Datos,I
8,1,1,4,7,1,8,Ciencia de Datos,I
13,4,7,2,12,2,8,Ciencia de Datos,I
12,1,3,5,12,1,12,Ciencia de Datos,I
8,3,5,4,14,5,9,Ciencia de Datos,I
10,3,4,5,13,1,6,Ciencia de Datos,I
0,5,2,3,7,11,4,Ciencias Militares,D
2,3,4,0,7,14,6,Ciencias Militares,D
4,4,2,2,13,10,5,Ciencias Militares,D
2,11,3,5,6,13,4,Ciencias Militares,D
1,8,5,3,5,10,1,Ciencias Militares,D
3,5,1,4,2,12,1,Ciencias Militares,D
0,6,3,1,4,9,4,Ciencias Militares,D
5,8,2,7,5,12,3,Ciencias Militares,D
0,7,0,0,6,10,1,Ciencias Militares,D
3,7,1,5,5,12,4,Ciencias Militares,D
5,7,4,5,6,14,3,Ciencias Militares,D
3,4,5,5,8,14,1,Ciencias Militares,D
5,10,2,8,9,13,7,Ciencias Militares,D
4,11,5,4,7,14,1,Ciencias Militares,D
6,7,1,0,6,8,3,Ciencias Militares,D
1,8,5,9,6,11,0,Ciencias Militares,D
4,5,0,0,3,5,1,Ciencias Militares,D
5,7,3,0,5,14,5,Ciencias Militares,D
0,5,1,3,1,10,0,Ciencias Militares,D
8,10,8,4,4,11,8,Ciencias Militares,D
0,6,2,3,4,14,0,Ciencias Militares,D
4,4,3,2,2,12,1,Ciencias Militares,D
1,3,3,4,5,13,5,Ciencias Militares,D
5,2,7,4,7,10,1,Ciencias Militares,D
3,8,5,3,2,11,3,Ciencias Militares,D
6,9,5,3,5,14,7,Ciencias Militares,D
4,10,8,7,9,14,6,Ciencias Militares,D
4,8,2,2,9,13,3,Ciencias Militares,D
2,3,5,6,4,14,0,Ciencias Militares,D
7,8,0,4,8,10,6,Ciencias Militares,D
6,8,2,1,5,9,3,Ciencias Militares,D
5,8,1,6,9,9,2,Ciencias Militares,D
3,8,10,8,6,13,4,Ciencias Militares,D
3,3,4,0,4,13,3,Ciencias Militares,D
1,4,3,4,9,14,2,Ciencias Militares,D
1,4,5,0,3,8,0,Ciencias Militares,D
0,5,5,1,5,11,7,Ciencias Militares,D
3,8,5,4,6,12,6,Ciencias Militares,D
0,8,7,4,5,14,0,Ciencias Militares,D
1,7,4,4,9,9,3,Ciencias Militares,D
1,2,0,4,2,6,3,Ciencias Militares,D
3,7,3,2,3,13,1,Ciencias Militares,D
8,11,0,1,3,12,1,Ciencias Militares,D
1,10,2,5,6,13,6,Ciencias Militares,D
6,7,6,4,9,12,5,Ciencias Militares,D
3,5,2,5,3,10,6,Ciencias Militares,D
1,4,6,4,8,12,4,Ciencias Militares,D
10,4,5,2,8,14,5,Ciencias Militares,D
3,7,1,1,7,14,5,Ciencias Militares,D
3,9,3,5,8,13,2,Ciencias Militares,D
3,1,2,3,6,9,3,Ciencias Navales,D
2,4,1,3,7,14,6,Ciencias Navales,D
1,3,2,1,12,14,9,Ciencias Navales,D
6,5,3,4,10,12,6,Ciencias Navales,D
2,4,3,1,5,11,7,Ciencias Navales,D
4,1,0,3,8,10,3,Ciencias Navales,D
1,0,2,4,7,14,4,Ciencias Navales,D
3,3,3,2,12,11,4,Ciencias Navales,D
4,6,6,2,10,14,11,Ciencias Navales,D
2,1,0,2,10,10,6,Ciencias Navales,D
1,4,2,5,8,14,7,Ciencias Navales,D
3,6,0,6,11,13,8,Ciencias Navales,D
3,5,3,1,9,12,6,Ciencias Navales,D
3,7,2,2,12,14,8,Ciencias Navales,D
3,1,2,5,4,13,9,Ciencias Navales,D
0,1,3,6,10,10,8,Ciencias Navales,D
2,3,8,4,10,13,3,Ciencias Navales,D
4,2,7,1,9,12,7,Ciencias Navales,D
6,3,4,2,9,14,5,Ciencias Navales,D
0,6,1,9,9,12,7,Ciencias Navales,D
7,6,1,3,7,10,9,Ciencias Navales,D
5,3,2,1,10,13,8,Ciencias Navales,D
3,5,4,2,9,10,2,Ciencias Navales,D
3,2,7,4,9,13,8,Ciencias Navales,D
3,4,2,2,8,13,7,Ciencias Navales,D
2,0,4,7,12,7,7,Ciencias Navales,D
5,5,5,1,9,14,4,Ciencias Navales,D
6,4,4,5,5,12,4,Ciencias Navales,D
3,1,3,6,11,12,5,Ciencias Navales,D
4,4,2,2,10,9,6,Ciencias Navales,D
2,0,4,2,11,13,2,Ciencias Navales,D
3,4,6,2,11,11,6,Ciencias Navales,D
6,6,8,3,7,12,6,Ciencias Navales,D
6,3,3,2,10,13,8,Ciencias Navales,D
5,4,7,6,9,13,9,Ciencias Navales,D
2,4,6,8,11,10,7,Ciencias Navales,D
2,3,1,2,7,8,2,Ciencias Navales,D
2,5,2,0,9,10,4,Ciencias Navales,D
2,7,4,4,5,11,6,Ciencias Navales,D
4,5,3,5,5,13,9,Ciencias Navales,D
1,3,2,1,11,13,5,Ciencias Navales,D
5,3,3,8,7,12,7,Ciencias Navales,D
1,4,1,1,3,13,2,Ciencias Navales,D
4,6,7,1,7,12,8,Ciencias Navales,D
4,3,5,1,11,14,1,Ciencias Navales,D
0,3,0,1,11,12,5,Ciencias Navales,D
0,6,2,0,3,10,2,Ciencias Navales,D
5,0,3,5,5,11,4,Ciencias Navales,D
4,2,2,7,5,11,9,Ciencias Navales,D
3,6,2,4,10,12,5,Ciencias Navales,D
3,3,2,4,9,11,3,Ciencias Aeronáuticas,D
1,2,0,3,7,12,1,Ciencias Aeronáuticas,D
0,2,4,2,9,9,4,Ciencias Aeronáuticas,D
7,3,5,4,8,14,6,Ciencias Aeronáuticas,D
1,3,10,6,9,13,8,Ciencias Aeronáuticas,D
6,4,2,3,9,9,7,Ciencias Aeronáuticas,D
4,6,7,2,10,14,8,Ciencias Aeronáuticas,D
5,8,4,5,12,14,6,Ciencias Aeronáuticas,D
6,1,2,4,5,9,4,Ciencias Aeronáuticas,D
1,1,1,4,10,9,7,Ciencias Aeronáuticas,D
4,2,6,4,8,14,6,Ciencias Aeronáuticas,D
3,6,5,6,9,10,3,Ciencias Aeronáuticas,D
0,2,2,2,9,11,4,Ciencias Aeronáuticas,D
4,3,7,7,12,14,7,Ciencias Aeronáuticas,D
2,3,2,5,7,10,5,Ciencias Aeronáuticas,D
3,5,4,3,11,13,8,Ciencias Aeronáuticas,D
3,5,2,7,11,13,4,Ciencias Aeronáuticas,D
4,3,3,0,9,11,2,Ciencias Aeronáuticas,D
2,3,2,1,6,12,9,Ciencias Aeronáuticas,D
0,3,0,3,9,10,3,Ciencias Aeronáuticas,D
4,3,3,4,6,8,7,Ciencias Aeronáuticas,D
1,3,3,3,10,10,4,Ciencias Aeronáuticas,D
0,5,2,3,13,11,9,Ciencias Aeronáuticas,D
3,4,1,2,4,13,2,Ciencias Aeronáuticas,D
6,2,0,5,7,12,9,Ciencias Aeronáuticas,D
2,1,2,2,7,7,2,Ciencias Aeronáuticas,D
2,5,3,4,7,14,3,Ciencias Aeronáuticas,D
0,1,4,2,9,11,7,Ciencias Aeronáuticas,D
4,3,2,1,9,13,6,Ciencias Aeronáuticas,D
3,1,0,0,5,10,9,Ciencias Aeronáuticas,D
8,4,1,2,11,8,5,Ciencias Aeronáuticas,D
0,3,4,3,5,13,6,Ciencias Aeronáuticas,D
3,3,5,2,11,14,5,Ciencias Aeronáuticas,D
5,4,7,3,7,13,3,Ciencias Aeronáuticas,D
5,6,6,5,11,10,9,Ciencias Aeronáuticas,D
3,4,5,6,10,14,5,Ciencias Aeronáuticas,D
3,6,0,2,4,13,7,Ciencias Aeronáuticas,D
5,3,1,0,7,12,4,Ciencias Aeronáuticas,D
5,5,2,1,4,12,8,Ciencias Aeronáuticas,D
5,5,4,3,7,14,6,Ciencias Aeronáuticas,D
4,0,2,3,6,11,7,Ciencias Aeronáuticas,D
6,3,1,6,7,11,7,Ciencias Aeronáuticas,D
4,2,1,6,6,8,8,Ciencias Aeronáuticas,D
5,4,4,3,9,11,7,Ciencias Aeronáuticas,D
3,3,2,4,7,11,6,Ciencias Aeronáuticas,D
5,5,1,1,10,12,8,Ciencias Aeronáuticas,D
2,5,10,2,10,8,2,Ciencias Aeronáuticas,D
2,1,5,4,10,11,4,Ciencias Aeronáuticas,D
7,3,6,5,7,13,5,Ciencias Aeronáuticas,D
1,7,2,3,8,13,5,Ciencias Aeronáuticas,D
8,9,6,5,3,13,3,Ciencias Policiales,D
5,8,4,6,8,14,4,Ciencias Policiales,D
6,11,2,5,3,11,8,Ciencias Policiales,D
1,9,4,3,2,8,2,Ciencias Policiales,D
3,3,2,4,1,14,2,Ciencias Policiales,D
8,9,7,6,2,13,5,Ciencias Policiales,D
9,7,7,3,1,14,5,Ciencias Policiales,D
5,8,3,1,1,13,0,Ciencias Policiales,D
10,12,2,3,3,13,4,Ciencias Policiales,D
9,12,2,4,4,13,2,Ciencias Policiales,D
2,7,4,1,0,5,1,Ciencias Policiales,D
6,10,5,1,6,13,4,Ciencias Policiales,D
4,7,2,3,4,14,3,Ciencias Policiales,D
7,7,3,1,4,13,3,Ciencias Policiales,D
4,9,2,5,2,14,7,Ciencias Policiales,D
8,6,4,3,2,12,2,Ciencias Policiales,D
7,7,5,4,4,13,2,Ciencias Policiales,D
5,7,3,3,2,6,2,Ciencias Policiales,D
4,5,2,4,6,9,1,Ciencias Policiales,D
6,8,3,0,1,14,1,Ciencias Policiales,D
3,9,3,1,3,11,2,Ciencias Policiales,D
8,11,2,3,2,11,4,Ciencias Policiales,D
7,8,6,3,1,7,1,Ciencias Policiales,D
12,11,4,3,7,14,3,Ciencias Policiales,D
8,6,3,6,3,6,3,Ciencias Policiales,D
9,12,2,11,3,14,7,Ciencias Policiales,D
8,10,4,6,3,10,3,Ciencias Policiales,D
5,9,2,8,2,7,1,Ciencias Policiales,D
2,4,3,4,3,6,7,Ciencias Policiales,D
6,9,1,7,4,11,0,Ciencias Policiales,D
8,11,1,4,5,13,3,Ciencias Policiales,D
11,12,8,4,5,11,5,Ciencias Policiales,D
7,8,3,0,4,14,6,Ciencias Policiales,D
7,10,2,2,3,9,3,Ciencias Policiales,D
6,8,1,2,8,14,1,Ciencias Policiales,D
7,10,7,3,2,9,5,Ciencias Policiales,D
2,8,4,6,4,8,2,Ciencias Policiales,D
10,11,12,8,8,11,5,Ciencias Policiales,D
7,6,3,3,1,11,3,Ciencias Policiales,D
5,7,5,0,3,11,5,Ciencias Policiales,D
9,10,3,5,5,13,2,Ciencias Policiales,D
6,7,1,5,4,11,0,Ciencias Policiales,D
8,9,2,4,4,10,5,Ciencias Policiales,D
5,10,6,3,7,11,3,Ciencias Policiales,D
0,7,7,4,1,11,5,Ciencias Policiales,D
4,11,6,4,7,14,6,Ciencias Policiales,D
7,6,3,3,4,13,2,Ciencias Policiales,D
6,6,4,1,6,14,5,Ciencias Policiales,D
3,8,6,5,1,12,2,Ciencias Policiales,D
9,7,6,4,3,12,0,Ciencias Policiales,D
11,3,2,4,8,10,6,Seguridad y Gestión de Riesgos,D
5,3,0,4,6,12,5,Seguridad y Gestión de Riesgos,D
9,6,5,3,8,13,5,Seguridad y Gestión de Riesgos,D
10,4,4,3,11,12,4,Seguridad y Gestión de Riesgos,D
4,0,3,1,4,11,6,Seguridad y Gestión de Riesgos,D
10,3,1,3,8,14,7,Seguridad y Gestión de Riesgos,D
10,4,5,4,7,12,0,Seguridad y Gestión de Riesgos,D
9,2,3,7,6,10,2,Seguridad y Gestión de Riesgos,D
12,9,7,6,12,11,1,Seguridad y Gestión de Riesgos,D
10,6,5,7,8,11,3,Seguridad y Gestión de Riesgos,D
7,5,4,0,7,14,6,Seguridad y Gestión de Riesgos,D
6,6,3,2,5,13,4,Seguridad y Gestión de Riesgos,D
12,4,3,1,5,8,1,Seguridad y Gestión de Riesgos,D
9,3,4,5,10,10,6,Seguridad y Gestión de Riesgos,D
8,0,5,0,9,14,4,Seguridad y Gestión de Riesgos,D
10,2,5,7,8,12,5,Seguridad y Gestión de Riesgos,D
6,3,3,4,4,14,3,Seguridad y Gestión de Riesgos,D
9,1,2,0,3,14,3,Seguridad y Gestión de Riesgos,D
10,6,4,5,7,12,4,Seguridad y Gestión de Riesgos,D
4,4,6,6,4,12,5,Seguridad y Gestión de Riesgos,D
8,1,4,1,6,11,5,Seguridad y Gestión de Riesgos,D
11,5,6,6,9,12,5,Seguridad y Gestión de Riesgos,D
9,2,7,3,2,12,3,Seguridad y Gestión de Riesgos,D
13,5,2,4,9,14,5,Seguridad y Gestión de Riesgos,D
10,4,3,6,9,7,3,Seguridad y Gestión de Riesgos,D
8,3,3,4,6,14,4,Seguridad y Gestión de Riesgos,D
9,4,4,5,7,10,0,Seguridad y Gestión de Riesgos,D
4,1,0,1,0,9,0,Seguridad y Gestión de Riesgos,D
5,1,4,0,6,13,2,Seguridad y Gestión de Riesgos,D
12,6,3,5,8,11,2,Seguridad y Gestión de Riesgos,D
11,5,5,6,9,13,7,Seguridad y Gestión de Riesgos,D
9,6,2,3,7,13,9,Seguridad y Gestión de Riesgos,D
9,4,4,2,4,12,2,Seguridad y Gestión de Riesgos,D
12,5,3,6,11,14,7,Seguridad y Gestión de Riesgos,D
9,9,6,2,6,12,2,Seguridad y Gestión de Riesgos,D
5,3,3,4,5,14,4,Seguridad y Gestión de Riesgos,D
7,1,0,5,5,14,3,Seguridad y Gestión de Riesgos,D
9,2,3,3,6,11,3,Seguridad y Gestión de Riesgos,D
13,2,3,2,10,8,1,Seguridad y Gestión de Riesgos,D
10,1,0,7,6,11,1,Seguridad y Gestión de Riesgos,D
6,0,0,2,1,12,1,Seguridad y Gestión de Riesgos,D
10,1,2,3,4,11,6,Seguridad y Gestión de Riesgos,D
13,6,8,2,10,12,5,Seguridad y Gestión de Riesgos,D
6,4,1,2,5,11,0,Seguridad y Gestión de Riesgos,D
7,5,5,4,6,13,3,Seguridad y Gestión de Riesgos,D
7,5,3,6,2,13,7,Seguridad y Gestión de Riesgos,D
11,8,7,6,8,13,7,Seguridad y Gestión de Riesgos,D
8,2,0,0,3,8,3,Seguridad y Gestión de Riesgos,D
10,0,0,5,5,13,4,Seguridad y Gestión de Riesgos,D
11,5,5,3,7,14,5,Seguridad y Gestión de Riesgos,D
8,4,2,3,8,5,14,Matemática,E
3,0,3,3,7,5,11,Matemática,E
3,5,3,2,6,2,12,Matemática,E
5,6,5,2,11,5,13,Matemática,E
8,1,2,0,8,1,10,Matemática,E
3,2,4,5,9,7,10,Matemática,E
8,5,5,6,9,3,12,Matemática,E
4,5,1,6,6,5,9,Matemática,E
10,8,3,3,10,4,13,Matemática,E
5,2,2,4,5,2,10,Matemática,E
5,3,2,4,10,6,14,Matemática,E
11,8,3,1,12,3,13,Matemática,E
8,1,2,1,7,3,14,Matemática,E
6,9,5,5,13,2,14,Matemática,E
6,5,3,5,11,0,14,Matemática,E
4,3,0,5,8,2,14,Matemática,E
2,1,3,5,9,5,13,Matemática,E
6,4,6,1,7,3,14,Matemática,E
8,2,3,2,3,5,13,Matemática,E
6,5,5,4,11,4,14,Matemática,E
8,3,2,7,8,2,11,Matemática,E
4,4,1,1,8,4,10,Matemática,E
10,4,2,7,12,3,11,Matemática,E
9,4,5,1,5,2,14,Matemática,E
3,7,3,0,8,3,10,Matemática,E
2,4,4,5,9,2,9,Matemática,E
5,1,0,5,7,0,12,Matemática,E
7,2,1,6,10,1,14,Matemática,E
7,5,4,7,6,4,13,Matemática,E
3,3,1,4,9,0,13,Matemática,E
6,3,2,0,9,4,10,Matemática,E
11,3,4,2,9,0,14,Matemática,E
4,4,4,4,10,3,12,Matemática,E
12,2,3,2,10,4,10,Matemática,E
4,11,6,2,8,4,14,Matemática,E
3,5,4,4,11,0,14,Matemática,E
8,2,2,8,6,1,7,Matemática,E
6,3,2,5,8,0,13,Matemática,E
7,3,3,2,8,2,13,Matemática,E
7,2,4,2,5,6,12,Matemática,E
13,6,7,5,14,6,12,Matemática,E
7,5,4,5,7,4,13,Matemática,E
6,0,5,2,9,1,13,Matemática,E
6,1,3,0,9,6,13,Matemática,E
7,3,2,1,8,5,11,Matemática,E
6,5,1,0,6,1,11,Matemática,E
5,6,3,4,8,4,12,Matemática,E
4,4,2,2,9,2,6,Matemática,E
5,6,3,4,12,3,14,Matemática,E
9,1,3,1,7,5,7,Matemática,E
5,10,2,2,9,2,13,Física,E
0,3,4,3,7,2,14,Física,E
4,4,0,2,9,6,11,Física,E
5,6,6,7,9,1,12,Física,E
7,5,4,4,10,6,14,Física,E
0,0,1,1,5,3,12,Física,E
4,4,2,3,8,4,13,Física,E
1,5,2,1,9,3,13,Física,E
8,4,5,4,11,4,13,Física,E
1,1,2,5,10,0,11,Física,E
5,5,6,1,8,2,13,Física,E
4,5,3,3,8,4,12,Física,E
4,1,5,6,13,4,11,Física,E
1,4,2,1,10,10,13,Física,E
5,3,2,3,7,4,13,Física,E
0,1,0,7,7,6,14,Física,E
0,4,1,0,9,0,11,Física,E
2,6,3,4,8,5,14,Física,E
1,1,0,1,10,0,13,Física,E
2,5,6,0,10,3,11,Física,E
6,7,1,3,8,3,12,Física,E
1,4,4,3,8,0,13,Física,E
8,5,8,3,7,5,14,Física,E
7,4,4,4,11,11,12,Física,E
3,6,5,4,11,0,12,Física,E
1,1,3,4,10,2,13,Física,E
1,4,2,5,10,3,10,Física,E
8,6,2,7,9,7,13,Física,E
1,1,0,0,7,1,8,Física,E
4,7,7,3,12,4,14,Física,E
3,5,0,4,4,2,12,Física,E
7,2,5,4,9,4,13,Física,E
3,4,5,6,10,0,12,Física,E
2,4,4,1,9,2,12,Física,E
10,0,0,3,10,2,14,Física,E
2,4,2,3,9,4,12,Física,E
4,7,8,7,8,2,14,Física,E
7,6,0,6,12,5,12,Física,E
4,1,2,5,9,4,13,Física,E
3,2,0,3,5,6,14,Física,E
4,1,1,2,9,2,10,Física,E
2,4,2,1,10,7,12,Física,E
2,3,2,0,6,8,13,Física,E
3,2,2,3,12,2,11,Física,E
3,4,4,5,12,4,14,Física,E
4,3,6,2,5,4,9,Física,E
6,3,3,6,6,4,12,Física,E
2,7,4,3,10,1,9,Física,E
3,6,7,3,10,0,10,Física,E
3,3,6,6,9,4,10,Física,E
3,0,9,6,11,9,12,Química,E
3,2,5,4,2,4,14,Química,E
1,1,1,8,8,2,10,Química,E
4,3,4,7,7,5,13,Química,E
5,5,3,8,5,4,14,Química,E
1,4,0,9,7,0,12,Química,E
4,3,3,7,8,1,6,Química,E
2,3,5,9,5,2,10,Química,E
6,4,3,9,7,4,11,Química,E
2,0,2,8,4,0,8,Química,E
5,3,0,8,9,3,8,Química,E
5,1,0,8,2,4,14,Química,E
2,2,2,11,2,1,14,Química,E
6,2,6,9,7,6,13,Química,E
1,4,1,7,7,4,14,Química,E
3,3,2,11,9,0,11,Química,E
4,1,8,12,11,2,13,Química,E
3,3,3,13,9,7,12,Química,E
6,6,7,13,7,7,14,Química,E
4,3,4,9,4,4,14,Química,E
3,1,6,8,5,3,12,Química,E
3,2,2,6,5,2,9,Química,E
7,6,2,3,8,3,14,Química,E
0,1,0,10,3,3,13,Química,E
0,3,5,11,5,5,12,Química,E
2,6,1,5,9,1,14,Química,E
3,4,3,7,3,0,10,Química,E
9,2,3,8,9,7,14,Química,E
7,3,4,11,5,3,11,Química,E
3,11,7,12,3,1,10,Química,E
6,6,6,12,6,5,13,Química,E
1,3,2,8,3,5,13,Química,E
3,5,2,7,7,2,14,Química,E
2,1,4,4,1,0,9,Química,E
4,6,3,8,3,4,14,Química,E
3,0,6,10,9,2,14,Química,E
0,0,2,5,8,2,12,Química,E
2,2,1,9,6,3,9,Química,E
3,4,3,11,8,2,14,Química,E
2,0,6,7,8,2,8,Química,E
5,5,8,12,11,7,14,Química,E
4,0,0,4,4,1,11,Química,E
5,3,2,7,1,2,11,Química,E
3,4,4,10,7,7,11,Química,E
2,0,0,7,4,2,13,Química,E
3,8,1,10,6,7,13,Química,E
4,1,3,7,6,3,14,Química,E
6,1,3,6,0,7,9,Química,E
6,5,5,7,4,7,9,Química,E
5,6,5,14,11,2,14,Química,E
7,8,5,8,3,4,12,Biología,E
4,4,6,10,3,4,14,Biología,E
5,3,2,10,6,5,11,Biología,E
4,5,6,10,6,2,12,Biología,E
3,1,5,6,4,5,11,Biología,E
5,6,5,11,6,3,13,Biología,E
0,4,1,8,2,1,8,Biología,E
5,3,8,8,3,5,11,Biología,E
2,6,3,7,5,3,13,Biología,E
6,3,6,13,3,4,14,Biología,E
4,7,4,7,1,4,13,Biología,E
7,3,7,8,7,6,13,Biología,E
3,4,2,8,2,3,13,Biología,E
1,1,7,8,2,3,12,Biología,E
3,5,2,6,2,2,10,Biología,E
4,1,3,10,7,3,10,Biología,E
1,5,4,11,6,0,12,Biología,E
3,1,1,7,0,1,12,Biología,E
1,3,8,8,7,5,11,Biología,E
3,1,5,10,1,0,13,Biología,E
5,2,3,10,6,1,7,Biología,E
6,5,3,13,4,5,14,Biología,E
6,7,3,9,2,8,14,Biología,E
2,0,5,7,3,5,10,Biología,E
7,7,0,9,5,4,13,Biología,E
6,1,6,8,8,7,14,Biología,E
5,5,5,11,2,3,11,Biología,E
1,5,2,8,3,6,14,Biología,E
4,1,4,9,3,4,14,Biología,E
4,4,7,11,3,2,12,Biología,E
3,2,3,8,6,3,13,Biología,E
7,5,6,11,6,6,13,Biología,E
1,3,6,12,1,2,10,Biología,E
9,6,5,10,3,3,12,Biología,E
2,4,2,6,4,4,9,Biología,E
1,3,2,7,1,2,9,Biología,E
6,1,2,9,3,3,13,Biología,E
5,5,1,7,5,3,13,Biología,E
3,2,5,4,5,6,10,Biología,E
3,3,4,9,2,1,12,Biología,E
2,4,2,7,5,1,11,Biología,E
0,5,5,4,3,4,9,Biología,E
5,2,5,9,8,3,11,Biología,E
7,1,5,11,6,7,12,Biología,E
5,6,4,7,2,2,14,Biología,E
7,7,8,8,2,2,13,Biología,E
5,3,1,9,0,1,13,Biología,E
2,4,4,9,6,7,13,Biología,E
6,4,8,10,5,8,10,Biología,E
0,1,4,10,4,0,12,Biología,E
6,4,3,2,4,9,11,Agronomía,E
9,5,5,7,9,3,12,Agronomía,E
8,3,2,1,8,1,13,Agronomía,E
5,3,3,2,3,0,13,Agronomía,E
5,7,5,6,5,4,13,Agronomía,E
3,3,0,5,8,2,11,Agronomía,E
6,1,2,3,6,7,8,Agronomía,E
4,0,6,5,9,4,13,Agronomía,E
6,3,3,7,7,4,12,Agronomía,E
8,2,2,5,8,1,9,Agronomía,E
8,5,4,1,6,6,11,Agronomía,E
10,3,4,5,6,3,13,Agronomía,E
3,6,3,3,4,2,14,Agronomía,E
4,5,2,1,8,4,11,Agronomía,E
12,3,0,2,6,2,11,Agronomía,E
5,3,5,2,10,1,12,Agronomía,E
5,2,5,5,8,3,13,Agronomía,E
3,4,3,2,4,5,10,Agronomía,E
5,5,3,3,6,6,9,Agronomía,E
9,5,5,9,10,4,14,Agronomía,E
5,3,4,3,4,2,14,Agronomía,E
7,2,2,3,8,5,10,Agronomía,E
5,6,6,2,7,5,12,Agronomía,E
7,6,1,3,5,8,14,Agronomía,E
5,3,3,7,7,4,11,Agronomía,E
4,0,2,2,6,4,12,Agronomía,E
6,1,0,1,7,1,8,Agronomía,E
5,3,4,3,4,3,14,Agronomía,E
3,0,2,2,8,4,11,Agronomía,E
9,6,6,3,11,6,13,Agronomía,E
4,4,0,4,11,5,10,Agronomía,E
6,3,3,9,9,3,13,Agronomía,E
8,2,3,1,6,3,6,Agronomía,E
6,4,3,4,6,5,9,Agronomía,E
6,0,3,1,3,1,11,Agronomía,E
1,1,3,4,5,5,9,Agronomía,E
5,5,1,2,5,1,7,Agronomía,E
6,2,1,3,6,1,12,Agronomía,E
9,5,4,3,10,6,13,Agronomía,E
6,6,5,4,3,0,12,Agronomía,E
5,6,3,3,6,5,14,Agronomía,E
7,1,4,4,8,1,11,Agronomía,E
4,5,4,3,8,5,14,Agronomía,E
5,3,3,1,9,7,13,Agronomía,E
6,2,3,5,5,3,13,Agronomía,E
5,1,2,3,3,1,10,Agronomía,E
8,2,1,9,4,5,9,Agronomía,E
1,6,5,3,6,3,14,Agronomía,E
7,2,3,3,10,2,13,Agronomía,E
4,2,1,1,2,0,7,Agronomía,E
5,6,9,10,13,10,13,Ingeniería Ambiental,E
1,1,0,5,6,1,11,Ingeniería Ambiental,E
7,7,4,1,9,2,10,Ingeniería Ambiental,E
0,5,2,7,6,2,11,Ingeniería Ambiental,E
3,3,9,7,9,3,13,Ingeniería Ambiental,E
2,2,1,8,10,2,12,Ingeniería Ambiental,E
5,0,1,5,7,3,11,Ingeniería Ambiental,E
4,5,0,4,8,4,13,Ingeniería Ambiental,E
7,0,5,6,7,2,11,Ingeniería Ambiental,E
2,2,2,5,8,5,13,Ingeniería Ambiental,E
3,7,2,5,11,5,12,Ingeniería Ambiental,E
2,0,6,6,9,5,14,Ingeniería Ambiental,E
3,0,6,4,7,3,9,Ingeniería Ambiental,E
3,3,9,9,12,4,11,Ingeniería Ambiental,E
3,7,5,7,11,3,14,Ingeniería Ambiental,E
1,0,0,6,11,2,13,Ingeniería Ambiental,E
2,2,4,3,2,1,6,Ingeniería Ambiental,E
2,4,4,3,11,2,13,Ingeniería Ambiental,E
1,5,1,9,9,8,14,Ingeniería Ambiental,E
3,3,2,6,3,4,10,Ingeniería Ambiental,E
3,5,4,7,10,4,13,Ingeniería Ambiental,E
5,5,5,7,4,2,13,Ingeniería Ambiental,E
3,0,6,4,5,5,9,Ingeniería Ambiental,E
1,3,4,6,12,5,11,Ingeniería Ambiental,E
1,1,0,7,8,2,10,Ingeniería Ambiental,E
5,6,3,5,5,7,13,Ingeniería Ambiental,E
3,1,2,7,12,4,14,Ingeniería Ambiental,E
0,3,0,4,8,1,7,Ingeniería Ambiental,E
3,2,2,7,8,1,13,Ingeniería Ambiental,E
8,1,5,7,11,3,13,Ingeniería Ambiental,E
1,2,5,4,11,0,9,Ingeniería Ambiental,E
9,3,4,8,10,6,11,Ingeniería Ambiental,E
1,3,4,5,5,2,12,Ingeniería Ambiental,E
1,5,7,8,11,3,14,Ingeniería Ambiental,E
5,1,6,6,9,3,11,Ingeniería Ambiental,E
4,5,9,10,11,4,13,Ingeniería Ambiental,E
3,8,4,6,7,6,13,Ingeniería Ambiental,E
1,4,2,1,5,2,9,Ingeniería Ambiental,E
1,1,3,7,4,2,12,Ingeniería Ambiental,E
2,5,1,5,6,3,12,Ingeniería Ambiental,E
0,1,2,3,11,6,12,Ingeniería Ambiental,E
3,5,5,1,8,7,13,Ingeniería Ambiental,E
3,3,2,7,10,6,7,Ingeniería Ambiental,E
3,3,5,5,10,3,14,Ingeniería Ambiental,E
5,5,7,7,11,5,11,Ingeniería Ambiental,E
3,6,3,2,9,2,14,Ingeniería Ambiental,E
4,7,7,8,9,4,11,Ingeniería Ambiental,E
3,5,4,9,11,4,14,Ingeniería Ambiental,E
7,6,2,6,5,5,12,Ingeniería Ambiental,E
2,6,5,9,12,4,11,Ingeniería Ambiental,E
4,6,5,10,9,3,12,Ingeniería Zootecnista,E
4,6,7,13,8,3,12,Ingeniería Zootecnista,E
12,3,3,11,5,5,14,Ingeniería Zootecnista,E
7,1,1,8,7,2,8,Ingeniería Zootecnista,E
6,4,5,10,3,4,13,Ingeniería Zootecnista,E
4,6,6,10,8,3,13,Ingeniería Zootecnista,E
9,4,7,12,4,7,14,Ingeniería Zootecnista,E
5,4,3,6,2,2,14,Ingeniería Zootecnista,E
4,2,0,8,3,1,9,Ingeniería Zootecnista,E
6,6,5,8,1,3,7,Ingeniería Zootecnista,E
2,3,2,11,1,8,9,Ingeniería Zootecnista,E
6,5,0,8,1,1,13,Ingeniería Zootecnista,E
11,4,4,7,3,3,14,Ingeniería Zootecnista,E
3,2,1,9,6,3,14,Ingeniería Zootecnista,E
8,1,6,13,5,3,14,Ingeniería Zootecnista,E
8,7,3,10,7,6,11,Ingeniería Zootecnista,E
8,4,5,9,6,4,14,Ingeniería Zootecnista,E
7,1,3,10,3,5,14,Ingeniería Zootecnista,E
8,8,3,9,1,4,12,Ingeniería Zootecnista,E
5,6,3,9,3,4,12,Ingeniería Zootecnista,E
8,0,4,11,4,3,10,Ingeniería Zootecnista,E
10,4,4,8,6,4,11,Ingeniería Zootecnista,E
8,2,6,7,4,2,13,Ingeniería Zootecnista,E
7,4,3,8,3,4,9,Ingeniería Zootecnista,E
5,2,4,11,2,2,12,Ingeniería Zootecnista,E
4,5,3,6,2,6,12,Ingeniería Zootecnista,E
6,3,4,7,3,2,14,Ingeniería Zootecnista,E
4,4,2,10,5,1,14,Ingeniería Zootecnista,E
6,2,8,12,4,3,11,Ingeniería Zootecnista,E
4,5,5,7,3,1,12,Ingeniería Zootecnista,E
3,3,2,11,6,3,12,Ingeniería Zootecnista,E
3,3,0,6,2,1,9,Ingeniería Zootecnista,E
4,0,3,13,0,3,13,Ingeniería Zootecnista,E
4,1,3,11,3,5,14,Ingeniería Zootecnista,E
5,1,5,11,3,6,14,Ingeniería Zootecnista,E
3,3,1,10,4,5,9,Ingeniería Zootecnista,E
4,1,6,9,0,5,14,Ingeniería Zootecnista,E
5,1,2,8,3,2,9,Ingeniería Zootecnista,E
8,1,3,10,4,3,13,Ingeniería Zootecnista,E
5,0,1,12,4,2,12,Ingeniería Zootecnista,E
12,7,7,8,6,4,10,Ingeniería Zootecnista,E
4,2,3,5,4,0,14,Ingeniería Zootecnista,E
6,4,0,13,4,4,14,Ingeniería Zootecnista,E
7,5,3,7,6,1,12,Ingeniería Zootecnista,E
10,11,6,14,5,7,13,Ingeniería Zootecnista,E
5,6,3,2,0,1,9,Ingeniería Zootecnista,E
8,3,6,11,4,4,13,Ingeniería Zootecnista,E
10,5,5,12,0,6,14,Ingeniería Zootecnista,E
5,7,4,10,0,0,11,Ingeniería Zootecnista,E
4,5,3,9,0,4,13,Ingeniería Zootecnista,E
